,User,Created_at,Tweet,Compound,Positive,Neutral,Negative
0,@BBC,2018-03-29 07:00:10,"What do you get if you cross a polar bear and a grizzly? 

üêªüòç‚Ä¶ A pizzly! 
#DavidAttenboroughsNaturalCuriosities https://t.co/FwqiMiTd2m",0.0,0.0,1.0,0.0
1,@BBC,2018-03-28 18:00:05,üáÆüá™ This 800-year-old hotel in Ireland is simply incredible.  #AmazingHotels https://t.co/OAKKCsexPW,0.0,0.0,1.0,0.0
2,@BBC,2018-03-28 17:00:12,"üìö 'Words do not live in dictionaries. They live in the mind.'

Hear the only surviving recording of #VirginiaWoolf,‚Ä¶ https://t.co/Puwg8Mve7N",0.296,0.109,0.891,0.0
3,@BBC,2018-03-28 16:30:00,The government rates the global outbreak of a deadly flu virus as a major threat to the UK. But how are flu vaccine‚Ä¶ https://t.co/wzMylfDBrP,-0.8225,0.0,0.688,0.312
4,@BBC,2018-03-28 16:00:10,Slacking off in Dubai. https://t.co/a3oSKIxfSK,0.0,0.0,1.0,0.0
5,@BBC,2018-03-28 15:35:27,RT @BBCTheOneShow: The fantastic @george_ezra warming up with a quick cuppa after sound check. Join us at 7pm where he‚Äôll be performing liv‚Ä¶,0.7506,0.28,0.72,0.0
6,@BBC,2018-03-28 13:32:04,"Two-thirds of drivers say they are ""regularly dazzled"" by oncoming headlights. üöò https://t.co/gwSgpsP6xx https://t.co/i9m9ph8QM1",0.0,0.0,1.0,0.0
7,@BBC,2018-03-28 12:26:01,"The Masked Plumber is back. 
And this time, he wants to show you how to unblock a sink trap. https://t.co/t1NIgRpZnO",-0.3182,0.0,0.887,0.113
8,@BBC,2018-03-28 11:50:54,RT @bbceurovision: We are starting a #Eurovision 2018 group chat. The tea from when @surieofficial met @saaraaalto üëâ https://t.co/c3PuiYT6S‚Ä¶,0.0,0.0,1.0,0.0
9,@BBC,2018-03-28 11:49:07,"RT @BBCR1: ""Last night I did have a very, very large bra, and it was very, very sweaty.""

@JaredLeto lets @Grimmers know about what gets th‚Ä¶",0.0,0.0,1.0,0.0
10,@BBC,2018-03-28 11:47:35,"RT @BBCRadio4: Listen to the first three episodes of The Hitchhiker's Guide to the Galaxy: Hexagonal Phase now.

https://t.co/GdvQZf3ijv

#‚Ä¶",0.0,0.0,1.0,0.0
11,@BBC,2018-03-28 11:47:08,"RT @bbcworldservice: Do you say fireman or firefighter? The woman in charge of the London Fire Brigade, Dany Cotton, says 'fireman' is sexi‚Ä¶",-0.34,0.0,0.902,0.098
12,@BBC,2018-03-28 11:45:32,RT @BBCBreakfast: Take a look at this if you're wondering WHO PAYS for running the new plastic bottle and can deposit scheme: https://t.co/‚Ä¶,0.0,0.0,1.0,0.0
13,@BBC,2018-03-28 11:42:34,RT @BBCNewsround: Some advice from children on what NOT to say to people with an #invisiblecondition https://t.co/mGUj3TWB2J #Dynamo https:‚Ä¶,0.0,0.0,1.0,0.0
14,@BBC,2018-03-28 11:30:09,‚ôªÔ∏èüëõ People in England will soon have to pay a deposit when they buy drinks bottles and cans in a bid to boost recyc‚Ä¶ https://t.co/qyKBqES5b3,0.3182,0.108,0.837,0.056
15,@BBC,2018-03-28 11:04:03,"üò≤ Scientists in Australia have discovered the remains of a mummy in a 2,500-year-old coffin that was previously cla‚Ä¶ https://t.co/2S4q2mDImu",0.0,0.0,1.0,0.0
16,@BBC,2018-03-28 10:53:47,"RT @bbcthree: In our latest doc, we investigate allegations that R Kelly has been training a 14-year-old girl to be one his sex ""pets"" http‚Ä¶",0.0,0.0,1.0,0.0
17,@BBC,2018-03-28 10:33:03,Tickling sticks have been placed on statues in Liverpool ahead of Sir Ken Dodd's funeral. https://t.co/pPGGg07ZQi https://t.co/LSwzv5Qipw,-0.3612,0.0,0.865,0.135
18,@BBC,2018-03-28 09:53:41,üõÅüê§ Are your bathroom toys in-fact DEADLY? üò± https://t.co/YrtMOzTvrb,0.0,0.0,1.0,0.0
19,@BBC,2018-03-28 09:14:19,"RT @bbcarts: Andrew Scott, as Hamlet, performs the opening lines of #Shakespeare's most famous soliloquy. Watch the full production at 9pm,‚Ä¶",0.0,0.0,1.0,0.0
20,@BBC,2018-03-28 08:00:02,"‚ù§Ô∏è After seeing her brother's struggles with depression, Luli's on a mission to break the stigma in the black commu‚Ä¶ https://t.co/kl1ak4Gu6w",-0.7351,0.0,0.744,0.256
21,@BBC,2018-03-28 07:30:05,"üò§ Feeling moody? 
Your gut bacteria might be to blame...
üëâ https://t.co/2oPWKjf4D2 https://t.co/Xr5MwczfGR",-0.25,0.115,0.692,0.192
22,@BBC,2018-03-28 07:00:02,"'I made a decision to not be unbelievably busy.'

@Meshel_Laurie on beating busyness with Buddhism. https://t.co/7ynSgadRyq",-0.4588,0.0,0.824,0.176
23,@BBC,2018-03-27 18:30:07,"When mother Marie mysteriously leaves the family home, the repercussions are enormous.

#ComeHome | 9pm | @BBCOne |‚Ä¶ https://t.co/S4JgnzQlAx",0.0,0.0,1.0,0.0
24,@BBC,2018-03-27 18:00:08,"üá©üá™üòÇ Even if you don't speak German, this is worth watching until the end! 
#LiveAtTheApollo https://t.co/J3l8oToRbk",0.2942,0.128,0.872,0.0
25,@BBC,2018-03-27 17:00:07,"üçú We've got oodles of noodles with recipes for pad Thai, chow mein, ramen, pho and stir-fries.
üëâ‚Ä¶ https://t.co/JWfrcIhn2X",0.0,0.0,1.0,0.0
26,@BBC,2018-03-27 16:00:15,üò¨ What does Facebook know about you? https://t.co/lG4ffeCG09,0.0,0.0,1.0,0.0
27,@BBC,2018-03-27 15:40:40,RT @BBCTwo: Happy #WorldTheatreDay! *leaves this here and runs away* @SaraPascoe üé≠üòÇ https://t.co/3XlEb5gr15,0.6114,0.25,0.75,0.0
28,@BBC,2018-03-27 15:38:26,"RT @BBCScotland: Meet the master of the radiator harp

@DaftLimmy returns to BBC Scotland on Thursday 5 April. https://t.co/G7mjFEJx6k",0.0,0.0,1.0,0.0
29,@BBC,2018-03-27 15:36:22,RT @bbcthree: 12-year-old Keilan has very severe curvature of the spine. He needs surgery ASAP but the 5 hour operation could leave him par‚Ä¶,-0.3064,0.0,0.866,0.134
30,@BBC,2018-03-27 15:33:24,"RT @bbccomedy: Cathy, master of shade. #Mum https://t.co/VjC2ttkaNF",0.0,0.0,1.0,0.0
31,@BBC,2018-03-27 15:26:23,"RT @BBCR1: (‚Ä¢_‚Ä¢)
&lt;)   )‚ïØwho
 /    \ 

  (‚Ä¢_‚Ä¢)
 \(   (&gt; bit
  /    \

 (‚Ä¢_‚Ä¢)
&lt;)   )‚ïØBeyonc√©? 
 /    \ 

https://t.co/7hQd9mcKUY",0.0,0.0,1.0,0.0
32,@BBC,2018-03-27 14:30:37,"RT @BBCWorld: It's 50 years since the death of Yuri Gagarin, the Russian cosmonaut who was the first man to travel into space üë®‚ÄçüöÄ https://t‚Ä¶",-0.5994,0.0,0.86,0.14
33,@BBC,2018-03-27 13:33:01,‚ù§Ô∏è The first polar bear cub to be born in the UK for 25 years has been filmed adapting to its surroundings. https://t.co/EsxbH18cN5,0.0,0.0,1.0,0.0
34,@BBC,2018-03-27 12:00:08,The ancient Greeks thought a life of ‚Äòconstant leisure‚Äô was the highest life you could live. https://t.co/sascCq8iks,0.0,0.0,1.0,0.0
35,@BBC,2018-03-27 11:05:06,"There's over 50 classic cookery shows being served up on @BBCiPlayer this #EasterWeekend. 
üëâ https://t.co/CKECZMGmx8 https://t.co/j3RfAYQvTI",0.0,0.0,1.0,0.0
36,@BBC,2018-03-27 11:00:06,"üé≠ @MargotRobbie is planning a new TV series, which will give Shakespeare plays a 'female perspective'.
üëâ‚Ä¶ https://t.co/pTLXfve0ds",0.25,0.125,0.875,0.0
37,@BBC,2018-03-27 09:52:08,"üöÄüåé 'Mad' Mike Hughes flew his home-made rocket to try and 'prove' the earth is flat. 

üö® SPOILER: it's not.  https://t.co/f5oNRItwyq",0.0,0.0,1.0,0.0
38,@BBC,2018-03-27 09:40:22,"RT @BBCTwo: Now we've got our country back... what actually is it? ü§î

#CunkOnBritain starts Tuesday 3 April, 10pm, @BBCTwo. @missdianemorga‚Ä¶",0.0,0.0,1.0,0.0
39,@BBC,2018-03-27 09:39:23,RT @BBCBreakfast: A team of abseilers have been roped in to give Cheddar Gorge in Somerset an extreme spring clean. https://t.co/iYmkiizeRi,0.4019,0.124,0.876,0.0
40,@BBC,2018-03-27 09:38:59,"RT @BBCR1: We can't get enough of @george_ezra's Live Lounge üòç

Watch him perform 'Paradise' and cover 'These Days' right here üëâhttps://t.c‚Ä¶",0.0,0.0,1.0,0.0
41,@BBC,2018-03-27 09:36:48,"RT @bbcgetinspired: Check out @JesseLingard and some of his @PremierLeague mates showing us their super moves. üï∫üèª 

Show us yours with #sup‚Ä¶",0.5994,0.157,0.843,0.0
42,@BBC,2018-03-27 08:00:04,"When this woman visited an uninhabited Caribbean island, the last thing she expected was to find it covered in plas‚Ä¶ https://t.co/cpKW9tl61v",0.0,0.0,1.0,0.0
43,@BBC,2018-03-27 07:30:04,"About 700,000 people in the UK are on the autism spectrum, with five times as many males as females being diagnosed‚Ä¶ https://t.co/PXJMuG76Tn",0.0,0.0,1.0,0.0
44,@BBC,2018-03-27 07:00:08,"The number of children living in relative poverty in the UK has risen to 4.1m. 

This is the story of Tyler, one of‚Ä¶ https://t.co/xFtEAjBTXC",-0.4588,0.049,0.827,0.124
45,@BBC,2018-03-26 19:03:02,"Filmed in Nottingham during the worst winter for the NHS on record, groundbreaking series #Hospital returns tonight‚Ä¶ https://t.co/PVSIcvCGc9",-0.6249,0.0,0.806,0.194
46,@BBC,2018-03-26 18:24:04,"Tonight, George Alagiah explores the fascinating history of Queen Elizabeth II and her beloved Commonwealth. 

The‚Ä¶ https://t.co/xXer4FRyTq",0.7783,0.312,0.688,0.0
47,@BBC,2018-03-26 17:30:04,üê∂üòÇ It was a Dachsh(und) to the finish line. https://t.co/7VvkU5GfUg,0.0,0.0,1.0,0.0
48,@BBC,2018-03-26 16:25:02,"‚úàÔ∏è Joy and Mary flew WW2 planes before any navigation system was installed.
#RAFat100 https://t.co/yxNMblfTEf",0.5859,0.213,0.787,0.0
49,@BBC,2018-03-26 15:45:04,"Tom Cruise stars in a remake of the 1953 adaptation of HG Wells‚Äôs classic novel. üçø

War of the Worlds | @BBCiPlayer‚Ä¶ https://t.co/h19JvTlFSA",-0.3818,0.095,0.744,0.161
50,@BBC,2018-03-26 15:11:57,"In her role as head of the Commonwealth, the Queen embarked on her first tour of the nations in 1953.

But by 1970‚Ä¶ https://t.co/Av61bahNZF",0.0,0.0,1.0,0.0
51,@BBC,2018-03-26 12:58:02,"Never let a squirrel nibble your nobble... üéàüêøüò±
https://t.co/cHm9m6At3m",0.0,0.0,1.0,0.0
52,@BBC,2018-03-26 11:48:03,Apple wants to introduce new emojis to better represent people with disabilities. ‚ù§Ô∏èÔ∏è https://t.co/CcJfojmtTa https://t.co/ZRdEhVPMEm,0.4404,0.172,0.828,0.0
53,@BBC,2018-03-26 11:00:05,"A crack that opened up in Kenya‚Äôs Rift Valley, damaging a section of the Narok-Nairobi highway, is still growing... https://t.co/T5YocDauYj",-0.5106,0.0,0.837,0.163
54,@BBC,2018-03-26 10:00:07,"From hot cross bun gin to Creme Egg Yorkshire pudding, this year‚Äôs Easter treats are bigger, weirder and more decad‚Ä¶ https://t.co/HvDJmgcB5q",-0.128,0.0,0.93,0.07
55,@BBC,2018-03-26 09:35:06,RT @bbcpress: Sue Perkins will return to host the 2018 #BAFTA TV awards on Sunday 13 May on @BBCOne. https://t.co/pieSWNAGbH,0.4588,0.136,0.864,0.0
56,@BBC,2018-03-26 09:33:01,"üòÇ @BillBailey is NOT a fan of taramasalata. #Room101 

https://t.co/soAAz27c0C",0.3182,0.247,0.753,0.0
57,@BBC,2018-03-26 09:04:01,"The kiwi bird's egg is so large, it takes almost ten days to lay! üê¶ü•öüò≥  #DavidAttenboroughsNaturalCuriosities
https://t.co/AkZqK9vzZZ",0.0,0.0,1.0,0.0
58,@BBC,2018-03-26 08:29:04,"ü§îWhy do so many celebrities decide to enter politics?

Some have done so more successfully than others...‚Ä¶ https://t.co/MkEDpSeLMJ",0.5819,0.182,0.818,0.0
59,@BBC,2018-03-26 07:30:10,"Wishing you could get out of bed just that little bit earlier? üò¥

If you need some motivation to set that alarm, he‚Ä¶ https://t.co/zsisa2oA4s",0.2263,0.161,0.749,0.09
60,@BBC,2018-03-25 19:44:01,"Could this be an answer to global water shortages? üèúüíß This machine creates water out of thin air. 

https://t.co/caz4nXMJg5",0.128,0.101,0.821,0.077
61,@BBC,2018-03-25 19:15:06,"Tonight, @regyates meets people whose lives have been devastated by the Grenfell fire. 

Reggie Yates: Searching fo‚Ä¶ https://t.co/HPgtcZuHte",-0.7506,0.0,0.714,0.286
62,@BBC,2018-03-25 18:40:04,"Tonight, @mcgregor_ewan and @McgColin celebrate the centenary of the Royal Air Force. 

RAF at 100 with Ewan and Co‚Ä¶ https://t.co/nF2iwBP51b",0.5719,0.163,0.837,0.0
63,@BBC,2018-03-25 18:13:03,The first ever statue of David Bowie has been unveiled in the town where he debuted Ziggy Stardust. ‚ö°Ô∏è‚Ä¶ https://t.co/lFgROYVkv1,0.0,0.0,1.0,0.0
64,@BBC,2018-03-25 17:30:07,"When you're enjoying being single and people just can't deal with it. üôÑüòÇ @kathbum #LiveAtTheApollo 

https://t.co/byHMHWyhPq",0.5267,0.185,0.815,0.0
65,@BBC,2018-03-25 15:03:03,"üá∫üá∏üèùüá¨üáß Welcome to Tangier Island, the tiny US island where people speak with a British accent.‚Ä¶ https://t.co/1RoM285gRJ",0.4588,0.167,0.833,0.0
66,@BBC,2018-03-25 14:30:02,"üí¨ We could listen to him speak all day. 

üìΩ Sir David Attenborough's voice was just as iconic in the 60s as it is t‚Ä¶ https://t.co/zYi3oK5C13",0.0,0.0,1.0,0.0
67,@BBC,2018-03-25 14:09:03,"Predictions suggest a build-up of about 80,000 tonnes of plastic in the Pacific Ocean is growing rapidly. ‚ôªÔ∏èüåäüíî‚Ä¶ https://t.co/uKD9BQWmUi",0.1779,0.091,0.909,0.0
68,@BBC,2018-03-25 13:03:04,"üëΩ‚ú®üõ∏ @prattprattpratt stars as a happy-go-lucky hero who joins forces with an unlikely group of aliens. 

Guardians‚Ä¶ https://t.co/B9W7kRZ1Qz",0.5574,0.184,0.816,0.0
69,@BBC,2018-03-25 12:03:02,"Weighing just 100g, a newborn panda is one 900th the size of its mum! üêºüíï #DavidAttenboroughsNaturalCuriosities https://t.co/nKLQh03DJs",0.0,0.0,1.0,0.0
70,@BBC,2018-03-25 10:30:04,üêüMeet SoFi - the soft robot fish developed by MIT to swim among real fish in coral reefs and around the ocean to he‚Ä¶ https://t.co/HDa7q7WsHf,0.0,0.0,1.0,0.0
71,@BBC,2018-03-25 09:30:15,"Ever wondered what made you feel moody? It might be your gut.

üëâ https://t.co/l8oMv5gPN2 https://t.co/vq2yhtBOAn",-0.3612,0.0,0.839,0.161
72,@BBC,2018-03-25 08:43:31,"RT @BBCScotland: Up your brunch game with perfect poached eggs.

via @bbcthesocial https://t.co/1imXNeOZ9d",0.5719,0.236,0.764,0.0
73,@BBC,2018-03-25 08:43:26,"RT @bbcweather: #Winter may not be done with us yet, as colder continental air fights back against milder maritime air across the UK this w‚Ä¶",-0.4019,0.0,0.899,0.101
74,@BBC,2018-03-25 08:43:22,RT @BBCSport: A simply astonishing confession from Australia captain Steve Smith and batsman Cameron Bancroft üò≥ https://t.co/YaE7fBZamq,0.0,0.0,1.0,0.0
75,@BBC,2018-03-25 08:00:12,A woman who drinks 30 cans a day says her addiction to energy drinks is worse than gambling.‚Ä¶ https://t.co/d11ATW0F0f,-0.25,0.104,0.743,0.153
76,@BBC,2018-03-25 07:34:02,You learn something new every day. Here's how to poo a baby jaguar. ü§∑üí©#BigCatsAboutTheHouse https://t.co/Eg5rF1414b,0.0,0.0,1.0,0.0
77,@BBC,2018-03-25 07:02:00,When the clocks have gone forward but there's no way you're getting out of bed yet. üôÖ‚Äç‚ôÇÔ∏è‚è∞#DaylightSavings https://t.co/cHBPV3ITsQ,-0.4215,0.0,0.859,0.141
78,@BBC,2018-03-24 20:34:01,"""I still see people screaming for help.""

This Sunday at 9pm on @BBCTwo, @REGYATES meets the people whose lives wer‚Ä¶ https://t.co/RS16yXF17H",-0.3818,0.0,0.885,0.115
79,@BBC,2018-03-24 20:00:11,"The story of the last decade of Picasso's life, through the words of family and friends. üé®

Picasso's Last Stand |‚Ä¶ https://t.co/RyiuI8KgSk",0.4767,0.134,0.866,0.0
80,@BBC,2018-03-24 19:16:04,"""Beauty is your inside, it's your personality and what shines from beneath."" 

25-year-old rapper Paigey Cakey had‚Ä¶ https://t.co/CVGr69Y0oO",0.5859,0.183,0.817,0.0
81,@BBC,2018-03-24 18:44:04,Cambridge have won the men's and women's Boat Races. https://t.co/COTzXYuo4N üèÜ üö£ #BoatRace2018 https://t.co/6SQjF1ToSt,0.5719,0.252,0.748,0.0
82,@BBC,2018-03-24 18:02:01,"üì∫üòÇ @RomeshRanga is NOT a fan of Gogglebox. #LiveAtTheApollo
https://t.co/FHm9g6Emss",0.3182,0.223,0.777,0.0
83,@BBC,2018-03-24 17:01:01,"When proposals go wrong... üò≥üíç #Doodlebugs 
https://t.co/8Yi6giWO3S",0.0,0.0,1.0,0.0
84,@BBC,2018-03-24 15:30:10,"Writer Sara Maitland has lived alone in rural Scotland for 20 years. 

Here are seven valuable life lessons we can‚Ä¶ https://t.co/2eAqUlnwuA",0.2732,0.129,0.788,0.083
85,@BBC,2018-03-24 15:00:06,ü§≥How an Instagram video lost me my dream job in fashion: https://t.co/72yWgHdc1k https://t.co/fl3DxMcIL5,-0.0772,0.131,0.719,0.15
86,@BBC,2018-03-24 14:01:47,üö£ @clarebalding is live from the River Thames as @UniofOxford and @Cambridge_Uni  meet for one of the most iconic e‚Ä¶ https://t.co/Ls9rtIYov4,0.0,0.0,1.0,0.0
87,@BBC,2018-03-24 14:01:32,RT @bbcthree: The barber helping men with dementia relive their younger lives. https://t.co/p8axQVK836,0.296,0.155,0.845,0.0
88,@BBC,2018-03-24 13:03:01,"Which animals are likely to become extinct in your lifetime? ü¶èüíî
https://t.co/9KwlmcNrWV",0.0,0.0,1.0,0.0
89,@BBC,2018-03-24 12:33:04,"Don't miss the highlights from the Gymnastics World Cup! ü§∏ü§∏‚Äç‚ôÄÔ∏èüá¨üáß

World Cup Gymnastics | @BBCOne | 2:05pm |‚Ä¶ https://t.co/7mpufyeEMo",0.1867,0.098,0.902,0.0
90,@BBC,2018-03-24 11:29:04,"How much do you know about horses? Take this quiz to see if you are an equestrian expert‚Ä¶üê¥

https://t.co/ChGCB9Xi1W https://t.co/P9UgJ99nsx",0.0,0.0,1.0,0.0
91,@BBC,2018-03-24 10:31:01,"Meet Hester, the 10-year-old visually impaired skier who's hoping for Paralympic gold one day. ‚õ∑ü•áhttps://t.co/6aiUaTc3yS",0.4215,0.167,0.833,0.0
92,@BBC,2018-03-24 10:03:01,"""The enthusiastic viewer should feel he is almost the man on the spot!"" 

In 1949, the BBC announced it would telev‚Ä¶ https://t.co/WEoPpkrW1V",0.5411,0.143,0.857,0.0
93,@BBC,2018-03-24 09:42:34,RT @BBCNewsNI: Prince Harry and Meghan Markle are visiting Northern Ireland https://t.co/ODxLd1LIr8 https://t.co/s0zPTXj3Tk,0.0,0.0,1.0,0.0
94,@BBC,2018-03-24 09:32:59,"RT @bbcf1: Lewis Hamilton took the first pole of the season in spectacular style ‚ö°Ô∏è

https://t.co/a7YDOx0FlQ",0.0,0.0,1.0,0.0
95,@BBC,2018-03-24 09:31:30,"RT @sportrelief: A humongous THANK YOU to everyone who has taken part, fund-raised &amp; watched over the past weeks &amp; tonight. The #SportRelie‚Ä¶",0.4995,0.133,0.867,0.0
96,@BBC,2018-03-24 09:31:26,RT @sportrelief: The nation has joined together for this year's #SportRelief pulling out all the stops to make their steps count. Well done‚Ä¶,0.128,0.085,0.85,0.065
97,@BBC,2018-03-24 09:30:13,ü•ëA Cultural history of the avocado: https://t.co/jo1UyWlVw7 https://t.co/7VF6pBpG57,0.0,0.0,1.0,0.0
98,@BBC,2018-03-24 08:33:02,"Meet Alexandre, one of the only male performers of ‚Äòbaladi‚Äô ‚Äì also known as belly dancing ‚Äì in the Middle East. üé∂

 https://t.co/K12N1Y6PU7",0.0,0.0,1.0,0.0
99,@BBC,2018-03-23 19:07:00,"RT @BBCOne: .@GaryLineker, @OreOduba, @ThisisDavina &amp; more kick off the biggest ever night of #SportRelief now on @bbcone. @sportrelief 
Fo‚Ä¶",0.0,0.0,1.0,0.0
0,@CBS,2018-03-27 21:00:01,Count on Entertainer Of The Year nominee @LukeBryanOnline to crash the party with an epic performance at the 53rd‚Ä¶ https://t.co/27ua60HTqu,0.3818,0.212,0.68,0.108
1,@CBS,2018-03-27 17:00:00,Join @eltonofficial and some of today's hottest names in music when they take the stage to perform his most memorab‚Ä¶ https://t.co/jz0jaShZIj,0.296,0.099,0.901,0.0
2,@CBS,2018-03-26 22:14:25,"RT @ACMawards: The ACM for New Vocal Group of the Year goes to @MidlandOfficial! And yes, that really was @Reba on the phone! #ACMawards ht‚Ä¶",0.508,0.12,0.88,0.0
3,@CBS,2018-03-26 20:42:48,"RT @ACMawards: In case you didn‚Äôt know, the ACM for New Male Vocalist of the Year goes to @BrettYoungMusic. Check out his reaction when @Re‚Ä¶",0.0,0.0,1.0,0.0
4,@CBS,2018-03-26 16:59:19,RT @ACMawards: Over the weekend @Reba called the ACM New Artist of the Year winners to let them know they had won! Let‚Äôs just say our New F‚Ä¶,0.7959,0.214,0.786,0.0
5,@CBS,2018-03-26 16:05:18,"Congratulations to the 53rd #ACMawards New Artist winners @Lauren_Alaina, @MidlandOfficial, and @BrettYoungMusic! W‚Ä¶ https://t.co/Fr8H4arwGj",0.807,0.378,0.622,0.0
6,@CBS,2018-03-25 23:57:34,New start times in East/Central Time Zones #60Minutes 7:35ET/6:35CT #Instinct  8:35ET/7:35CT #NCISLA 9:35ET/8:35CT‚Ä¶ https://t.co/8W5hAeLrvs,0.0,0.0,1.0,0.0
7,@CBS,2018-03-25 17:15:25,Don‚Äôt miss a minute of the action. Stream the¬†Elite Eight¬Æ¬†games LIVE today starting at 2PM ET with a FREE trial of‚Ä¶ https://t.co/8NwU8HdiHR,0.5319,0.157,0.78,0.062
8,@CBS,2018-03-24 22:46:53,RT @MomCBS: That's a wrap on the #Mom panel at #PaleyFest! Thanks for following along! https://t.co/we4JgqPt6P,0.5399,0.199,0.801,0.0
9,@CBS,2018-03-24 22:46:43,RT @MomCBS: A fan just commented that #Mom helped bring him out of a deep depression. üíúüíúüíú #PaleyFest,-0.34,0.115,0.7,0.185
10,@CBS,2018-03-24 22:25:03,"RT @MomCBS: ""Go out for it anyway. If you're good for the role, you're good for the role."" @theJaimePressly's advice for aspiring actors wi‚Ä¶",0.7003,0.209,0.791,0.0
11,@CBS,2018-03-24 22:21:37,RT @MomCBS: Mom Co-Creator @GemmaRBaker just pointed out her own #Mom in the audience at #PaleyFest! üíú,0.0,0.0,1.0,0.0
12,@CBS,2018-03-24 22:21:34,"RT @MomCBS: ""I'm not someone in recovery who goes to AA, but I have taken so much away from it...to take one day at a time."" - @theJaimePre‚Ä¶",0.0,0.0,1.0,0.0
13,@CBS,2018-03-24 22:21:26,"RT @MomCBS: ""You get to appreciate working with such talented people."" - @AnnaKFaris #Mom #PaleyFest",0.7184,0.333,0.667,0.0
14,@CBS,2018-03-24 22:21:23,RT @MomCBS: ‚ÄúI love this job. I love working with these women. I love working in front of the live audience‚Ä¶ It‚Äôs alive and it‚Äôs fun.‚Äù - @A‚Ä¶,0.9451,0.42,0.58,0.0
15,@CBS,2018-03-24 20:00:02,"Get on your feet for @Jason_Aldean, @ThomasRhett, @ChrisStapleton, @KeithUrban, and @ChrisYoungMusic, the five nomi‚Ä¶ https://t.co/oT5ogjdj4x",0.0,0.0,1.0,0.0
16,@CBS,2018-03-23 22:33:52,Get ready for some sweet games! Stream #5 Clemson vs #1 Kansas LIVE at 7PM ET and #11 Syracuse vs #2 Duke LIVE at 9‚Ä¶ https://t.co/4WstgrKNnW,0.6996,0.194,0.806,0.0
17,@CBS,2018-03-23 22:33:04,RT @SEALTeamCBS: In honor of #NationalPuppyDay... üòç #SEALTeam https://t.co/4mIZPpiRlU,0.4939,0.314,0.686,0.0
18,@CBS,2018-03-23 22:32:48,"RT @HawaiiFive0CBS: Nothing like a man and his dog! üòçüê∂ Happy #NationalPuppyDay to Eddie, the best pup on the Five-0 Task Force! #H50 https:‚Ä¶",0.8997,0.355,0.645,0.0
19,@CBS,2018-03-22 22:10:29,Game on! 16 teams left and the race to the finish continues tonight. Stream #11 Loyola-Chicago vs #7 Nevada LIVE at‚Ä¶ https://t.co/W374rmzzoC,0.0,0.0,1.0,0.0
20,@CBS,2018-03-22 20:52:02,Save the date! These are season finales you do NOT want to miss. RT if you're excited! https://t.co/UUQoWsPPSh https://t.co/cDl4WmxMtU,0.7081,0.311,0.623,0.066
21,@CBS,2018-03-22 00:23:38,Congratulations to all of the @CBSDaytime nominees for the #DaytimeEmmys! See the full list of #DaytimeEmmy nominee‚Ä¶ https://t.co/ivJVJWvfsf,0.636,0.198,0.802,0.0
22,@CBS,2018-03-21 18:00:01,Female Vocalist Of The Year nominee @MarenMorris will show her fans how it‚Äôs done when she takes the stage to showc‚Ä¶ https://t.co/PITjmAoFT8,0.0,0.0,1.0,0.0
23,@CBS,2018-03-20 20:00:01,The legendary @Reba returns to host the 53rd #ACMawards and she‚Äôs proving just how comfortable she is behind the mi‚Ä¶ https://t.co/XPXcSPRXqC,0.5106,0.142,0.858,0.0
24,@CBS,2018-03-20 17:58:43,RT @nancyodell: Told my daughter I'd be presenting at @ACMawards again this year. (Woot woot!We both luv country music!)She took this pic o‚Ä¶,0.0,0.0,1.0,0.0
25,@CBS,2018-03-20 16:52:42,RT @ladyantebellum: Ecstatic to announce we'll be performing at the #ACMawards in Las Vegas again this year! https://t.co/Qfhs94j6FR,0.5562,0.174,0.826,0.0
26,@CBS,2018-03-20 16:11:00,"Country superstars @kennychesney, @ladyantebellum, @blakeshelton, and @KeithUrban have just been added to the stell‚Ä¶ https://t.co/bJ4If7MacP",0.0,0.0,1.0,0.0
27,@CBS,2018-03-19 21:02:26,"RT @YandR_CBS: Forever evolving, Forever inspiring, Forever Young and Restless. ‚ù§Ô∏è Get ready to celebrate 45 years of #YR starting in just‚Ä¶",0.7845,0.309,0.619,0.072
28,@CBS,2018-03-18 23:44:30,New start times in East/Central Time Zones: #60Minutes 7:37ET/6:37CT #Instinct series premiere 8:37ET/7:37CT‚Ä¶ https://t.co/xT3YKqmu2M,0.0,0.0,1.0,0.0
29,@CBS,2018-03-18 18:05:43,Spend your Sunday streaming Second Round games LIVE with a FREE trial of CBS All Access! https://t.co/3P85rXLy4b https://t.co/zbWfirD9Ju,0.6514,0.213,0.787,0.0
30,@CBS,2018-03-18 17:09:53,"RT @instinctcbs: TONIGHT, Dr. Dylan Reinhart rewrites the book on abnormal behavior. Don't miss the premiere of #Instinct at 8/7c! https://‚Ä¶",0.1867,0.08,0.92,0.0
31,@CBS,2018-03-17 19:00:02,"If any duo knows how to rock the stage, it's @FLAGALine. The Vocal Duo Of The Year nominee will perform live at the‚Ä¶ https://t.co/FknabB8NQp",0.0,0.0,1.0,0.0
32,@CBS,2018-03-17 17:42:43,How is your bracket looking after last night? Stream Second Round games LIVE today with a FREE trial of CBS All Acc‚Ä¶ https://t.co/25JlIpgwog,0.6166,0.161,0.839,0.0
33,@CBS,2018-03-17 14:00:03,Where better to spend #StPatricksDay than the place everybody knows your name? It‚Äôs just your luck that every singl‚Ä¶ https://t.co/Fom5wmdENL,0.7096,0.247,0.753,0.0
34,@CBS,2018-03-16 22:53:21,Stars @JakeMcDorman and Nik Dodani will join the cast in the upcoming revival of Murphy Brown coming to CBS.‚Ä¶ https://t.co/JCAx29lo0i,0.296,0.104,0.896,0.0
35,@CBS,2018-03-16 18:15:53,"RT @thegoodfight: Go behind the scenes with costume designer @DanLawsonStyle in ""Behind The Style,"" a new weekly video series all about the‚Ä¶",0.0,0.0,1.0,0.0
36,@CBS,2018-03-16 16:28:40,The games have just begun! Continue to stream First Round games LIVE today with a FREE trial of CBS All Access:‚Ä¶ https://t.co/YTGsJ48zYP,0.6514,0.178,0.822,0.0
37,@CBS,2018-03-15 17:54:06,"RT @TheTalkCBS: You asked, we answered! The fun never ends when the ladies #KeepTalking and answer your fan questions üó£üí¨‚û°Ô∏è https://t.co/ie1‚Ä¶",0.7088,0.237,0.763,0.0
38,@CBS,2018-03-15 17:20:26,RT @instinctcbs: Dr. Dylan Reinhart is lured back into the field from his life of quiet academia when a certain serial killer makes things‚Ä¶,-0.4939,0.077,0.766,0.157
39,@CBS,2018-03-15 16:42:41,Stream First Round games LIVE today starting at 12PM ET with a FREE trial of CBS All Access! https://t.co/3P85rXLy4b https://t.co/vZow3YD8cb,0.6514,0.194,0.806,0.0
40,@CBS,2018-03-15 14:32:16,RT @CBSSports: It's the most wonderful time of the year. #MarchMadness https://t.co/e4c9qohqSR,0.6115,0.266,0.734,0.0
41,@CBS,2018-03-14 19:30:01,"Give these ladies some love! @Lauren_Alaina, @DBradbery, @carlypearce, and @RaeLynn are nominated for New Female Vo‚Ä¶ https://t.co/IVhwURfJ3S",0.6696,0.219,0.781,0.0
42,@CBS,2018-03-13 18:48:52,"RT @ManWithAPlan: Hungry for more #ManWithAPlan bloopers and behind-the-scenes videos featuring cast like @matt_leblanc, @thelizasnyder, @k‚Ä¶",0.3612,0.143,0.857,0.0
43,@CBS,2018-03-13 14:15:10,"Music stars @MileyCyrus, @edsheeran, @ladygaga, and more will honor the legendary @eltonofficial and his hit songs‚Ä¶ https://t.co/UzxARCCLnI",0.539,0.179,0.821,0.0
44,@CBS,2018-03-12 18:13:28,RT @thegoodfight: The verdict is in. The new season of #TheGoodFight is üî•üî•üî•! Stream it now on CBS All Access: https://t.co/FkYSNSXlRb https‚Ä¶,0.2244,0.083,0.917,0.0
45,@CBS,2018-03-12 01:20:43,"RT @MadamSecretary: In less than an hour, #MadamSecretary's Keith Carradine will be taking over the @MadamSecretary Twitter page! Tweet alo‚Ä¶",0.0,0.0,1.0,0.0
46,@CBS,2018-03-09 22:48:26,RT @DierksBentley: Take and post a photo of the woman in your life who inspires you daily! Use the hashtag #WomanAmenACM in your post for a‚Ä¶,0.4926,0.117,0.883,0.0
47,@CBS,2018-03-09 22:24:20,"RT @MomCBS: If you missed guest star @KChenoweth in the latest episode of #Mom, not to worry! Watch now: https://t.co/RlvXoGOZ0l https://t.‚Ä¶",0.1275,0.113,0.795,0.092
48,@CBS,2018-03-09 21:10:21,"Give a round of applause to @KelseaBallerini, @MirandaLambert, @Reba, @MarenMorris, and @CarrieUnderwood, the five‚Ä¶ https://t.co/Ncp1BTXx6N",0.4215,0.177,0.823,0.0
49,@CBS,2018-03-09 18:27:28,"RT @thegoodfight: Smart, sexy, and sophisticated. See what's coming this season on #TheGoodFight. https://t.co/CuKhx2G50P https://t.co/ygTI‚Ä¶",0.8658,0.447,0.553,0.0
50,@CBS,2018-03-09 16:02:27,RT @BlueBloods_CBS: Even stand-up guys fall down sometimes. #BlueBloods is new tonight at 10/9c! https://t.co/UOlDm22wWW,0.0,0.0,1.0,0.0
51,@CBS,2018-03-08 18:00:49,Today and every day we celebrate the women in our lives who empower and inspire us. Share a story about an¬†influent‚Ä¶ https://t.co/9rVtqrElvT,0.8625,0.336,0.664,0.0
52,@CBS,2018-03-08 17:03:04,Take and post a photo of the woman in your life who inspires you daily! Use the hashtag #WomanAmenACM in your post‚Ä¶ https://t.co/7ShhvE48zy,0.4926,0.132,0.868,0.0
53,@CBS,2018-03-07 18:39:10,"RT @thegoodfight: Meticulously constructed. Soapy &amp; sexy. Intoxicating, savage television. üî• Here's what critics are saying about #TheGoodF‚Ä¶",-0.2023,0.15,0.619,0.23
54,@CBS,2018-03-07 17:06:02,"This just in! @Jason_Aldean, @mirandalambert, @LukeBryanOnline, and many more are set to perform at the 53rd Academ‚Ä¶ https://t.co/mfxw2VxzU4",0.0,0.0,1.0,0.0
55,@CBS,2018-03-06 18:10:59,"Meet the ensemble of talented actors slated to join $1, a new mystery series coming to CBS All Access:‚Ä¶ https://t.co/QoyYv7vxwg",0.6705,0.244,0.756,0.0
56,@CBS,2018-03-05 22:16:43,"Will @Jason_Aldean, @garthbrooks, @LukeBryanOnline, @ChrisStapleton, or @KeithUrban be named Entertainer Of The Yea‚Ä¶ https://t.co/rMD8zjeX3s",0.3818,0.167,0.833,0.0
57,@CBS,2018-03-04 08:05:26,"RT @thegoodfight: It feels good to be back. üë†üíÑüî• The season 2 premiere of #TheGoodFight is now streaming, exclusively on CBS All Access: htt‚Ä¶",0.4404,0.116,0.884,0.0
58,@CBS,2018-03-03 20:55:20,"RT @thegoodfight: Tomorrow, #TheGoodFight is back. Stream the season 2 premiere only on CBS All Access: https://t.co/tNFR8LBJO2 https://t.c‚Ä¶",0.0,0.0,1.0,0.0
59,@CBS,2018-03-02 22:30:01,"Who are the trailblazing women in your life that inspire you? Join CBS and the ANA's #SeeHer initiative, celebratin‚Ä¶ https://t.co/M0KqZ41Bes",0.7096,0.247,0.753,0.0
60,@CBS,2018-03-02 20:30:01,"Join @maria_bello, @aishatyler and @TeaLeoni in celebrating the accomplishments of women who have contributed to th‚Ä¶ https://t.co/MefESBeFL3",0.7096,0.282,0.718,0.0
61,@CBS,2018-03-02 18:45:00,"In honor of Women's History Month, CBS and the Association of National Advertisers' (ANA) #SeeHer initiative will p‚Ä¶ https://t.co/2wtYxKJVuO",0.4939,0.151,0.849,0.0
62,@CBS,2018-03-01 18:59:01,RT @ZoeListerJones: Tonight‚Äôs an all new Life In Pieces and it‚Äôs directed by my ride or die @nataliaanderson!!!‚Ä¶ https://t.co/2LPfmyLWrY,-0.6981,0.0,0.79,0.21
63,@CBS,2018-03-01 18:12:57,"RT @MarenMorris: Hot damn! Woke up from my post-wisdom teeth haze to find out I‚Äôm up for 4 @ACMawards ! So honored, especially for the Dear‚Ä¶",0.4547,0.159,0.749,0.092
64,@CBS,2018-03-01 18:11:50,RT @KelseaBallerini: Ohhhhh goodness. Incredible. Thank you thank you thank you. #female https://t.co/1ZTYjNfQeF,0.8591,0.538,0.462,0.0
65,@CBS,2018-03-01 18:10:50,RT @KeithUrban: ACMs...... HOLY SMOKES!!!!! MAD LOVE TO U ALL THIS MORNING  FOR THESE INCREDIBLE NOMINATIONS. I‚ÄôM EXTREMELY GRATEFUL!!!!!!!‚Ä¶,0.4885,0.234,0.615,0.151
66,@CBS,2018-03-01 14:36:21,"RT @ACMawards: Congratulations to this year‚Äôs #ACMawards Video of the Year nominees:
‚ÄúBlack‚Äù - @DierksBentley
‚ÄúIt Ain‚Äôt My Fault‚Äù - @Brothe‚Ä¶",0.5994,0.178,0.822,0.0
67,@CBS,2018-03-01 14:29:20,"RT @ACMawards: Please give a round of applause to this year‚Äôs #ACMawards Entertainer of the Year nominees: @Jason_Aldean, @GarthBrooks, @Lu‚Ä¶",0.7717,0.325,0.675,0.0
68,@CBS,2018-03-01 14:15:29,".@ChrisStapleton, @ThomasRhett, @mirandalambert and more are all nominated for awards at Country Music's Party of t‚Ä¶ https://t.co/Vm1vXRUDYJ",0.6908,0.275,0.725,0.0
69,@CBS,2018-03-01 13:50:11,"The Queen of Country, @Reba, is returning to host the 53rd #ACMawards on Sunday, April 15 at 8/7c. Here are a few o‚Ä¶ https://t.co/Iqzz6Gql01",0.0,0.0,1.0,0.0
70,@CBS,2018-03-01 01:04:52,RT @survivorcbs: It‚Äôs time! #Survivor https://t.co/YPk6cGWrUA,0.0,0.0,1.0,0.0
71,@CBS,2018-02-28 19:56:58,"RT @CBSThisMorning: TOMORROW: The nominees for the 2018 @ACMawards will be announced live by the one-and-only, @Reba! 

Watch on @CBS in ou‚Ä¶",0.0,0.0,1.0,0.0
72,@CBS,2018-02-28 19:08:30,"RT @thegoodfight: From the set design and costumes to hair and makeup, the production quality is truly next-level. Take a peek inside the u‚Ä¶",0.4404,0.116,0.884,0.0
73,@CBS,2018-02-27 03:23:47,RT @LivinBiblically: The fun continues on Facebook! The #LivingBiblically cast is live to talk about tonight‚Äôs premiere. Tune in here: http‚Ä¶,0.5562,0.152,0.848,0.0
74,@CBS,2018-02-26 22:50:32,"RT @KevinCanWaitCBS: Can you get all the way through these #KevinCanWait bloopers without laughing?! @KevinJames,@LeahRemini and the rest o‚Ä¶",0.0,0.0,1.0,0.0
75,@CBS,2018-02-26 21:08:30,"RT @ACMawards: That‚Äôs right! @Reba is headed to @CBSThisMorning on Thursday, March 1 to announce this year‚Äôs #ACMAwards' nominees. Tune in‚Ä¶",0.0,0.0,1.0,0.0
76,@CBS,2018-02-26 19:53:41,"RT @ScorpionCBS: You can't hack your way to a 197 IQ, but you are well on your way with these Genius Facts from #TeamScorpion! üíª You can be‚Ä¶",0.4482,0.105,0.895,0.0
77,@CBS,2018-02-26 18:32:36,RT @SuperiorDonuts: You can always count on @DavidKoechner for a laugh! Did your favorite Tush moment make the list? Catch a new #SuperiorD‚Ä¶,0.784,0.266,0.734,0.0
78,@CBS,2018-02-26 18:20:16,RT @TheTalkCBS: TODAY: We loved them together then &amp; we love seeing them together now! Welcome back to the show @THESaraGilbert‚Äã's good fri‚Ä¶,0.9359,0.429,0.571,0.0
79,@CBS,2018-02-26 16:53:56,"RT @thegoodfight: As foundations begin to crumble, our characters struggle to make sense of this new dystopian world. The cast teases what'‚Ä¶",-0.5423,0.0,0.816,0.184
80,@CBS,2018-02-26 16:52:01,"#LivingBiblically's @linzkraft and @jrfergjr appeared on @KCBS's Facebook Live this morning, talking all about what‚Ä¶ https://t.co/4RebcHuuMQ",0.0,0.0,1.0,0.0
81,@CBS,2018-02-26 16:17:55,"RT @CBSSports: Introducing CBS Sports HQ, a New 24/7 Direct-to-Consumer Streaming Network for Sports News, Highlights, &amp; Analysis.

Stream‚Ä¶",0.0,0.0,1.0,0.0
82,@CBS,2018-02-26 01:12:32,"RT @CBSBigBrother: It‚Äôs down to the final 5 celebrity Houseguests, and anyone could take home the grand prize! Tune in NOW to watch the #BB‚Ä¶",0.7644,0.231,0.769,0.0
83,@CBS,2018-02-25 21:51:32,RT @startrekcbs: Binge the entire first season of #StarTrekDiscovery. All episodes now streaming exclusively on CBS All Access: https://t.c‚Ä¶,0.0,0.0,1.0,0.0
84,@CBS,2018-02-25 21:51:22,"RT @thegoodfight: #TheGoodFight returns in 1 week. Season 2 premieres Sunday, March 4. https://t.co/nomCao1GWp https://t.co/BOn6bOe9Tb",0.0,0.0,1.0,0.0
85,@CBS,2018-02-23 18:15:40,RT @thegoodfight: This is our new favorite thing. Christine Baranski debuted #TheGoodFight the Musical on @colbertlateshow last night! üéµüé§‚Ä¶,0.5093,0.155,0.845,0.0
86,@CBS,2018-02-22 19:26:52,"RT @LivinBiblically: Confession time: have YOU ever hit the ""close door"" button in an elevator while somebody was approaching? The cast of‚Ä¶",0.0,0.0,1.0,0.0
87,@CBS,2018-02-21 19:20:04,RT @CBSEyeSpeak: Mark your calendars! #CBSEyeSpeak kicks off March 14 with The EYE Speak Summit. Follow our page for more details! https://‚Ä¶,0.0,0.0,1.0,0.0
88,@CBS,2018-02-21 18:19:25,"RT @CBSEyeSpeak: Proud to announce a new CBS initiative, promoting female empowerment and developing the next generation of leaders through‚Ä¶",0.6808,0.248,0.752,0.0
89,@CBS,2018-02-20 19:55:19,"RT @LivinBiblically: When you're living by the Bible, it's good to have a priest and a rabbi on call (provided they answer their phones, th‚Ä¶",0.4404,0.116,0.884,0.0
90,@CBS,2018-02-20 17:58:18,"RT @thegoodfight: Chicago lawyers are being hunted and the world is going insane. 

The new season of #TheGoodFight premieres Sunday, March‚Ä¶",-0.4019,0.0,0.881,0.119
91,@CBS,2018-02-20 17:39:51,Ready for some larger than life competition? This new series from @MarkBurnettTV will premiere in summer 2018.‚Ä¶ https://t.co/gDXHLdIJ5v,0.3612,0.128,0.872,0.0
92,@CBS,2018-02-17 01:07:20,"With tournament dreams on the line, make sure to stream these college basketball matchups on CBS All Access:‚Ä¶ https://t.co/SGkYUZrQWB",0.6124,0.227,0.773,0.0
93,@CBS,2018-02-16 18:42:43,"RT @LivinBiblically: While Chip's sticking to the Bible's original rules, the cast of #LivingBiblically has given them a more modern makeov‚Ä¶",0.3182,0.108,0.892,0.0
94,@CBS,2018-02-16 17:48:20,"Casting News! Peter Mark Kendall, Michael Gaston, Greg Wise, Rade ≈†erbed≈æija, Zack Pearlman, and Keye Chen join the‚Ä¶ https://t.co/GFob2KrD8H",0.68,0.248,0.752,0.0
95,@CBS,2018-02-14 19:23:27,RT @BullCBS: The verdict is in...#Bull is the perfect Valentine! ‚ù§Ô∏è Happy #ValentinesDay! https://t.co/poEejI4AnC,0.8619,0.466,0.534,0.0
96,@CBS,2018-02-13 20:03:56,"RT @NoActivityCBS: Car 27 reporting: Season 2 of #NoActivity coming soon!

Binge season one now on CBS All Access: https://t.co/yvxoQMeyhN‚Ä¶",0.0,0.0,1.0,0.0
97,@CBS,2018-02-13 18:54:52,"RT @LivinBiblically: Against all odds (and the advice of his God Squad), Chip is determined to live life by the Good Book. Think you could‚Ä¶",0.7506,0.252,0.748,0.0
98,@CBS,2018-02-12 18:49:45,RT @thegoodfight: Christine Baranski reflects upon the spectacular metamorphosis of her character in #TheGoodFight's first season. Revisit‚Ä¶,0.0,0.0,1.0,0.0
99,@CBS,2018-02-12 01:32:33,RT @startrekcbs: Binge the entire first season of #StarTrekDiscovery. All 15 episodes now streaming on CBS All Access: https://t.co/lKLaptP‚Ä¶,0.0,0.0,1.0,0.0
0,@CNN,2018-03-29 06:55:24,A 12-year-old boy who survived cancer finally got his wish: a kiss from Pope Francis https://t.co/KaRc60GdZu https://t.co/QUhA0Y7TPB,0.5267,0.364,0.455,0.182
1,@CNN,2018-03-29 06:43:06,"At least 68 people have died in a blaze that engulfed a jail in the Venezuelan city of Valencia, according to the c‚Ä¶ https://t.co/FVr5jPb0kM",-0.5574,0.0,0.854,0.146
2,@CNN,2018-03-29 06:42:21,Boy in viral hug photo missing after family's car plunges off cliff https://t.co/nwFQnyi1GS,0.2263,0.19,0.675,0.135
3,@CNN,2018-03-29 06:31:05,"13,000-year-old footprints were found off the Canadian coast https://t.co/bOr0PIbBNC https://t.co/TXFETKOcG4",0.0,0.0,1.0,0.0
4,@CNN,2018-03-29 06:24:05,"Kim Jong Un and Moon Jae-in are going to meet on April 27th for the first time since 2007, the two countries announ‚Ä¶ https://t.co/DBjzJS8ErG",0.0,0.0,1.0,0.0
5,@CNN,2018-03-29 06:16:59,A 12-year-old boy who survived cancer finally got his wish: a kiss from Pope Francis https://t.co/KaRc60GdZu https://t.co/hbxtGVh4cr,0.5267,0.364,0.455,0.182
6,@CNN,2018-03-29 06:10:06,"Trump's three-front legal war turns on sex, money and Russia | Analysis by @StCollinson https://t.co/WQOP3ShEXE https://t.co/jpwG3XLWym",-0.5267,0.082,0.707,0.212
7,@CNN,2018-03-29 06:07:33,RT @cnni: Historic meeting of North and South Korean leaders set for April 27th https://t.co/MCWvkJbFcp,0.0,0.0,1.0,0.0
8,@CNN,2018-03-29 06:01:02,"News that Cambridge Analytica, a data firm with ties to President Trump's campaign, reportedly accessed information‚Ä¶ https://t.co/zXJxncqU4g",0.0,0.0,1.0,0.0
9,@CNN,2018-03-29 05:50:05,"Nearly six years after being shot in the face and neck by the Taliban for advocating for the rights of girls, 20-ye‚Ä¶ https://t.co/KczXJChwpU",0.0,0.0,1.0,0.0
10,@CNN,2018-03-29 05:46:06,"All 22 Democratic and Republican female senators have written a letter expressing their ""deep disappointment"" in th‚Ä¶ https://t.co/7Nvy0XQNON",-0.5106,0.0,0.829,0.171
11,@CNN,2018-03-29 05:46:06,An Indian national has been charged with people smuggling after allegedly attempting to sneak a team of fake journa‚Ä¶ https://t.co/v03L6cU1fX,-0.7906,0.0,0.667,0.333
12,@CNN,2018-03-29 05:31:05,"A new bill in Kansas would not only authorize the arming of school staff, but would hold schools responsible if a s‚Ä¶ https://t.co/r4zRnOlo8Y",0.4497,0.129,0.871,0.0
13,@CNN,2018-03-29 05:16:06,A federal judge approved $75 million worth of loans to Remington so the company can keep making guns as it works th‚Ä¶ https://t.co/TWjRRPzwkj,0.5719,0.19,0.81,0.0
14,@CNN,2018-03-29 05:01:02,"People may have snickered at President Trump's call for a US ""space force,"" but ""the laughter masks the fact that t‚Ä¶ https://t.co/RU7zsonbMb",0.6486,0.177,0.823,0.0
15,@CNN,2018-03-29 04:46:03,"Vice President Mike Pence's hometown of Columbus, Indiana, plans to hold its first LGBT Pride Festival next month‚Ä¶ https://t.co/k5Y1mjtBZV",0.6808,0.248,0.752,0.0
16,@CNN,2018-03-29 04:31:03,The first case of super-resistant gonorrhea has been reported in the UK https://t.co/KfaN4JEx8e https://t.co/CFTlA806Hd,0.0,0.0,1.0,0.0
17,@CNN,2018-03-29 04:16:02,"13,000-year-old footprints were found off the coast of a Canadian island, giving researchers insight into life duri‚Ä¶ https://t.co/kVVm25t5OX",0.34,0.13,0.87,0.0
18,@CNN,2018-03-29 04:08:07,"The White House calls police shootings of black men a ""local matter"" that ""should be left up to the local authoriti‚Ä¶ https://t.co/sY2mCtlOfy",0.0258,0.052,0.948,0.0
19,@CNN,2018-03-29 04:01:07,Donations to the NRA tripled in the weeks after the Parkland shooting https://t.co/2E6tfAx4bc,0.0,0.0,1.0,0.0
20,@CNN,2018-03-29 03:46:06,A Democratic candidate challenging Rep. Devin Nunes in California took in more than $1 million in the first quarter‚Ä¶ https://t.co/1msxOoKDCR,0.1531,0.082,0.918,0.0
21,@CNN,2018-03-29 03:31:04,Most world leaders visiting other countries make a grand entrance by stepping off a large jet. North Korean leader‚Ä¶ https://t.co/UKBraqVF6m,0.4588,0.15,0.85,0.0
22,@CNN,2018-03-29 03:24:05,Former Sen. Rick Santorum says he misspoke earlier this week when suggesting that students should learn CPR instead‚Ä¶ https://t.co/fU7HlJrZq8,0.0,0.0,1.0,0.0
23,@CNN,2018-03-29 03:16:03,Ireland will hold a referendum on May 25 on whether abortion should be legalized https://t.co/l37NDo42BR,0.0,0.0,1.0,0.0
24,@CNN,2018-03-29 03:09:05,"The US military conducted its first airstrike against al Qaeda in Libya on Saturday, killing one of the group's lea‚Ä¶ https://t.co/6MXInlEang",-0.6597,0.0,0.82,0.18
25,@CNN,2018-03-29 03:05:07,"Apple's quest to find a home for another campus will be different than Amazon's approach, says CEO Tim Cook: ""We're‚Ä¶ https://t.co/Wqndqgc9DX",0.0,0.0,1.0,0.0
26,@CNN,2018-03-29 03:01:09,"Is the tech wreck for Amazon and Facebook over, or just beginning? https://t.co/2pFsIbxNwN https://t.co/bhuy3WxmNA",-0.296,0.102,0.723,0.175
27,@CNN,2018-03-29 03:01:08,"Hong Kong's ""Frog King"" showcases experimental art at Cattle Depot, a former slaughterhouse turned artists' village‚Ä¶ https://t.co/XOUWej21jM",0.0,0.0,1.0,0.0
28,@CNN,2018-03-29 03:01:08,"ABC's revival of ""Roseanne"" premiered on Tuesday to a staggering 18.2 million viewers https://t.co/U5wymoCpH5 https://t.co/4miTagWpDZ",0.0,0.0,1.0,0.0
29,@CNN,2018-03-29 02:46:07,India is building a city from scratch to attract foreign investors https://t.co/1RPv5hlNNL https://t.co/hTa0IGMfzD,0.3612,0.185,0.815,0.0
30,@CNN,2018-03-29 02:31:04,"Planned Parenthood is facing a backlash after one of its branches tweeted, and then deleted, a post suggesting Disn‚Ä¶ https://t.co/NtkpyCU0AU",0.0,0.0,1.0,0.0
31,@CNN,2018-03-29 02:22:48,"RT @AC360: Stuck in the middle with Toobin?! CNN's @JeffreyToobin sits between two lawyers who collectively yell 'thug' 20 times: ""The hand‚Ä¶",-0.3164,0.0,0.902,0.098
32,@CNN,2018-03-29 02:22:29,Surprise meetings and potential pitfalls: Trump preps for North Korea https://t.co/bKWwIBH9nO https://t.co/gx1KlxAxJi,0.2732,0.16,0.84,0.0
33,@CNN,2018-03-29 02:22:01,"RT @AC360: ""The family of Stephon Clark doesn't trust anything from the Sacramento police department since they were not told the truth at‚Ä¶",-0.5667,0.0,0.818,0.182
34,@CNN,2018-03-29 02:16:06,A New York City lawmaker has introduced a bill that would make it illegal for businesses to email or instant messag‚Ä¶ https://t.co/n6SKMpXOe6,-0.5574,0.0,0.841,0.159
35,@CNN,2018-03-29 02:11:03,"Gov. Gary Herbert signed a bill earlier this month that makes it OK for parents to let their children ""free range""‚Ä¶ https://t.co/fME2edSgCm",0.7378,0.247,0.753,0.0
36,@CNN,2018-03-29 02:09:41,"RT @AC360: ""When you consider that 73 civilians have been killed by police bullets since 2015 and 70 of those were African American men, th‚Ä¶",-0.6705,0.0,0.842,0.158
37,@CNN,2018-03-29 02:08:27,Joe Biden video chats with a cancer-stricken Idaho teen https://t.co/7owGyBpMXO https://t.co/QzweC0m851,0.0,0.0,1.0,0.0
38,@CNN,2018-03-29 02:01:07,"Former sheriff Joe Arpaio suggested that he would, if elected to the Senate, revive the debunked ""birther"" claim th‚Ä¶ https://t.co/pAunVld9dA",0.34,0.112,0.888,0.0
39,@CNN,2018-03-29 01:58:02,"Is the Parkland shooter's brother, jailed on a $500,000 bond, being punished for his sibling's crime? https://t.co/nQMYNkwBXV",-0.8658,0.0,0.573,0.427
40,@CNN,2018-03-29 01:56:05,"Hong Kong's ""Frog King"" showcases experimental art at Cattle Depot, a former slaughterhouse turned artists' village‚Ä¶ https://t.co/f5t7BKXkgG",0.0,0.0,1.0,0.0
41,@CNN,2018-03-29 01:51:56,Chinese tech firm Huawei has a new smartphone that use three cameras to snap a single photo https://t.co/4RNhVY64o2 https://t.co/r61gT5ul35,0.0,0.0,1.0,0.0
42,@CNN,2018-03-29 01:51:03,A warning light is flashing in the bond market: An obscure measure known as the yield curve is flattening. Here's a‚Ä¶ https://t.co/r7SCdGmPIj,-0.34,0.0,0.893,0.107
43,@CNN,2018-03-29 01:46:06,"Australia just released its report on an investigation into mesh implants that left some women with ""rotting pelvis‚Ä¶ https://t.co/vXdnqlQwFa",0.0,0.0,1.0,0.0
44,@CNN,2018-03-29 01:36:49,"They may have passed a $1.3 trillion deficit-busting spending bill last week, but lawmakers have found at least one‚Ä¶ https://t.co/odb9G4aYS4",0.0,0.0,1.0,0.0
45,@CNN,2018-03-29 01:31:07,"On her 18th birthday, Charlie Lagarde bought a celebratory bottle of sparkling wine and her first-ever lottery tick‚Ä¶ https://t.co/lLhvLHz1DW",0.296,0.115,0.885,0.0
46,@CNN,2018-03-29 01:21:04,White House physician Ronny Jackson's performance during an extended grilling over President Trump's health and cog‚Ä¶ https://t.co/Vt2BaYrSOC,0.0,0.0,1.0,0.0
47,@CNN,2018-03-29 01:16:03,Why the Stevens gun manifesto is beyond irresponsible | By Robert A. Levy via @CNNOpinion https://t.co/FnBVWPEwG1 https://t.co/x3vxslFVQI,-0.6486,0.0,0.725,0.275
48,@CNN,2018-03-29 01:10:59,A 12-year-old boy who survived cancer finally got his wish: a kiss from Pope Francis https://t.co/hMPCnn54AW https://t.co/MK4xso1SkF,0.5267,0.364,0.455,0.182
49,@CNN,2018-03-29 01:08:02,RT @OutFrontCNN: Rudy! Rudy! Rudy! ...can you hear me now? We have an ear-y feeling Rudy Giuliani got his wires crossed with some of the la‚Ä¶,0.3348,0.087,0.913,0.0
50,@CNN,2018-03-29 01:06:06,All the President's lawsuits | Analysis by CNN's Z. Byron Wolf https://t.co/FjfLWkUXLJ https://t.co/ETvCrQhzxp,-0.1531,0.0,0.873,0.127
51,@CNN,2018-03-29 01:02:07,A brief history of how Parkland survivor David Hogg keeps schooling lawmakers on social media‚Ä¶ https://t.co/gNYlPEKegD,0.3612,0.152,0.848,0.0
52,@CNN,2018-03-29 00:45:17,"A judge handed a small victory to Tesla shareholders, allowing them to move forward with a lawsuit against CEO Elon‚Ä¶ https://t.co/mlOgFkO6Ra",-0.2263,0.0,0.899,0.101
53,@CNN,2018-03-29 00:38:29,"The ""Roseanne"" reboot is damn good. The star deserves none of the credit. | By Clay Cane via @CNNOpinion‚Ä¶ https://t.co/ahjsn8swjE",-0.2462,0.122,0.673,0.205
54,@CNN,2018-03-29 00:36:33,"RT @OutFrontCNN: ""We're all sinners, nobody understands that better than Evangelicals‚Ä¶we believe we all need forgiveness."" - Evangelical Je‚Ä¶",0.4404,0.146,0.854,0.0
55,@CNN,2018-03-29 00:36:22,A dramatic night-vision video captures a US raid to kill ISIS fighters https://t.co/aZcs03C79X https://t.co/Z4AoSdOvVY,-0.7096,0.0,0.629,0.371
56,@CNN,2018-03-29 00:35:31,"RT @OutFrontCNN: ""She signed the contract, she received the benefit of the contract. It was signed by the other party."" Michael Cohen's att‚Ä¶",0.4588,0.12,0.88,0.0
57,@CNN,2018-03-29 00:24:50,Donations pour in for a high school rifle team after the school board votes against accepting an NRA grant‚Ä¶ https://t.co/MSnEeZdHgs,0.3818,0.126,0.874,0.0
58,@CNN,2018-03-29 00:11:03,President Trump's campaign touted the administration's move to add a question about citizenship status to the US Ce‚Ä¶ https://t.co/W0f7SGr3md,-0.0516,0.0,0.934,0.066
59,@CNN,2018-03-29 00:06:05,Thousands of people marched through Paris to protest the killing of a Holocaust survivor in her home‚Ä¶ https://t.co/zqfYkmsLVD,-0.5994,0.109,0.611,0.279
60,@CNN,2018-03-29 00:01:07,"The White House calls police shootings of black men a ""local matter"" that ""should be left up to the local authoriti‚Ä¶ https://t.co/nektBUdjeE",0.0258,0.052,0.948,0.0
61,@CNN,2018-03-28 23:56:06,"George Conway, husband of White House counselor Kellyanne Conway, appears to be trolling President Trump‚Ä¶ https://t.co/NUmgl5Ms4T",0.0,0.0,1.0,0.0
62,@CNN,2018-03-28 23:51:03,Authorities and the Sacramento Kings are preparing for protests that are expected Thursday after the funeral for St‚Ä¶ https://t.co/wYLH5W0049,-0.5267,0.0,0.794,0.206
63,@CNN,2018-03-28 23:46:07,"US President Trump granted tariff exemptions to six countries and the European Union, but ""it's not an exemption li‚Ä¶ https://t.co/nE0wY3IAVf",0.128,0.073,0.927,0.0
64,@CNN,2018-03-28 23:41:03,"Emails reveal the Department of Justice would have ""very little involvement"" if President Trump tweeted a pardon‚Ä¶ https://t.co/UYNvBIqLcE",0.5267,0.175,0.825,0.0
65,@CNN,2018-03-28 23:36:05,"A new bill in Kansas would not only authorize the arming of school staff, but would hold schools responsible if a s‚Ä¶ https://t.co/0raMQKJkXD",0.4497,0.129,0.871,0.0
66,@CNN,2018-03-28 23:31:01,Some Twitter users are outraged that Netflix appointed Susan Rice to its board https://t.co/ZVA60bqn62 https://t.co/9TjTGHh20c,-0.5423,0.0,0.8,0.2
67,@CNN,2018-03-28 23:26:03,Ecuador says it has again suspended Julian Assange's outside communications access at its embassy in London‚Ä¶ https://t.co/ANmsVaviGV,-0.4767,0.0,0.838,0.162
68,@CNN,2018-03-28 23:21:05,"Sudden infant death syndrome may have a genetic basis in some cases, a new study suggests https://t.co/04uPE4IHBs https://t.co/d15ipkOky1",-0.5994,0.0,0.794,0.206
69,@CNN,2018-03-28 23:14:38,A 12-year-old boy who survived cancer finally got his wish: a kiss from Pope Francis https://t.co/lZqCCbVV6b https://t.co/Ncy22YwUuu,0.5267,0.364,0.455,0.182
70,@CNN,2018-03-28 22:58:00,The Justice Department's internal watchdog announced it has launched a probe into the department and the FBI's hand‚Ä¶ https://t.co/ccQQChOlBu,0.5994,0.234,0.766,0.0
71,@CNN,2018-03-28 22:49:31,Nobel Peace Prize winner Malala Yousafzai is back in Pakistan for the first time since she was shot in the face and‚Ä¶ https://t.co/O6HJRNK5ml,0.891,0.346,0.654,0.0
72,@CNN,2018-03-28 22:46:23,Maserati unveiled a 590 horsepower high performance version of its Levante crossover SUV at the New York Auto Show‚Ä¶ https://t.co/y7jpECCr2J,0.0,0.0,1.0,0.0
73,@CNN,2018-03-28 22:36:50,"Exclusive: In depositions, the Karolyis say they knew nothing of former USA Gymnastics doctor Larry Nassar's abuse‚Ä¶ https://t.co/6gOzBZ6j4g",0.128,0.081,0.919,0.0
74,@CNN,2018-03-28 22:19:46,"Sen. Chris Coons: ""It is concerning to me that the President is increasingly seeming to manage his cabinet more lik‚Ä¶ https://t.co/TCZaET9mBG",0.0,0.0,1.0,0.0
75,@CNN,2018-03-28 22:15:11,"Rep. Steve King's remark about outspoken Parkland student Emma Gonzalez ""betrays a lack of understanding about the‚Ä¶ https://t.co/GZB7Hy487F",-0.7003,0.0,0.721,0.279
76,@CNN,2018-03-28 22:09:38,"Susan Rice, a former UN ambassador and national security adviser under President Barack Obama, has joined Netflix's‚Ä¶ https://t.co/oXEfylqYkT",0.34,0.13,0.87,0.0
77,@CNN,2018-03-28 22:07:26,"White House press secretary Sarah Sanders refused to answer whether President Donald Trump was aware of a $130,000‚Ä¶ https://t.co/bJ2feNKSpL",-0.296,0.0,0.885,0.115
78,@CNN,2018-03-28 22:04:14,"Sources describe four yet-to-be-released videos recorded the night of the shooting of Alton Sterling as ""very graph‚Ä¶ https://t.co/gpokg872eO",0.0,0.0,1.0,0.0
79,@CNN,2018-03-28 21:53:22,"President Donald Trump says Veterans Affairs Secretary David Shulkin is out, and that Shulkin will be replaced with‚Ä¶ https://t.co/v03PKc6WVZ",0.0,0.0,1.0,0.0
80,@CNN,2018-03-28 21:49:47,"President Trump thanked Shulkin via Twitter for his ""service to our country and to our GREAT VETERANS"" and said Rob‚Ä¶ https://t.co/9FvpdZJr2f",0.8286,0.289,0.711,0.0
81,@CNN,2018-03-28 21:44:46,"BREAKING: President Donald Trump says Veterans Affairs Secretary David Shulkin is out, and that he'll be replaced w‚Ä¶ https://t.co/GOXcsz3wzn",0.0,0.0,1.0,0.0
82,@CNN,2018-03-28 21:37:46,UK detectives say they believe the former Russian double agent Sergei Skripal and his daughter first encountered a‚Ä¶ https://t.co/ICwOpi9mPc,0.0,0.0,1.0,0.0
83,@CNN,2018-03-28 21:26:53,"Former Vice President Joe Biden regrets saying that if he were in high school, he would fight President Trump over‚Ä¶ https://t.co/l4oVqppV40",-0.6249,0.0,0.788,0.212
84,@CNN,2018-03-28 21:23:39,"RT @CNNnewsroom: ""There's this power of nostalgia in this family...but they were also the quintessential working class, white, exurban fami‚Ä¶",0.0,0.0,1.0,0.0
85,@CNN,2018-03-28 21:20:38,"News that Cambridge Analytica, a data firm with ties to President Trump's campaign, reportedly accessed information‚Ä¶ https://t.co/HLBbE15VgU",0.0,0.0,1.0,0.0
86,@CNN,2018-03-28 21:11:01,TESS the planet hunter is getting ready to launch next month. The Transiting Exoplanet Survey Satellite is NASA's n‚Ä¶ https://t.co/IjwXc4IsiY,0.3612,0.116,0.884,0.0
87,@CNN,2018-03-28 21:02:45,"Sen. Kennedy on what he'd ask Zuckerberg: ""Is it a fair bargain for me to give up all my personal data to Facebook,‚Ä¶ https://t.co/yxDzoJoacU",0.4767,0.163,0.837,0.0
88,@CNN,2018-03-28 20:48:51,"If you were running for President, would you have your deputy campaign manager speak to a former Russian intelligen‚Ä¶ https://t.co/DjjDdZY1fC",0.0,0.0,1.0,0.0
89,@CNN,2018-03-28 20:35:03,"A generation ago, Republicans focused on reforming the nation's safety net by requiring poor mothers to work. Now,‚Ä¶ https://t.co/vaMFi5ajZD",0.3182,0.23,0.638,0.132
90,@CNN,2018-03-28 20:31:05,"13,000-year-old footprints were found off the Canadian coast https://t.co/Yq3Ijx9hnL https://t.co/vonY3PKKWB",0.0,0.0,1.0,0.0
91,@CNN,2018-03-28 20:26:19,"Vice President Mike Pence's hometown of Columbus, Indiana, plans to hold its first LGBT Pride Festival next month‚Ä¶ https://t.co/EML8EDzuby",0.6808,0.248,0.752,0.0
92,@CNN,2018-03-28 20:18:28,"RT @TheLeadCNN: President Trump in December, 2017: ‚ÄúI don‚Äôt want to talk about pardons of Michael Flynn yet, we‚Äôll see what happens, let‚Äôs‚Ä¶",0.3612,0.143,0.857,0.0
93,@CNN,2018-03-28 20:13:55,"A lawsuit alleging that gifts from foreign governments to President Trump may be illegal can go forward, a federal‚Ä¶ https://t.co/yA2asY7QE0",-0.6705,0.0,0.744,0.256
94,@CNN,2018-03-28 20:06:30,"People may have snickered at President Trump's call for a US ""space force,"" but ""the laughter masks the fact that t‚Ä¶ https://t.co/5SF9c5JyI1",0.6486,0.177,0.823,0.0
95,@CNN,2018-03-28 20:05:27,"RT @CNNMoney: Nasdaq drops nearly 1% on tech slump. Dow inches lower, giving up early gains. Tesla tumbles 8%, Amazon loses 4%. https://t.c‚Ä¶",0.25,0.224,0.621,0.155
96,@CNN,2018-03-28 20:02:52,A majority of Democratic voters in New York City believe Gov. Andrew Cuomo would be better for the city than his pr‚Ä¶ https://t.co/8T7hHOJQ9t,0.4404,0.121,0.879,0.0
97,@CNN,2018-03-28 19:59:54,"RT @CNNnewsroom: ""President Trump is not the same as the Donald Trump from 12 years ago, and so we can't try to make a comparison between t‚Ä¶",0.0,0.0,1.0,0.0
98,@CNN,2018-03-28 19:56:39,A federal judge approved $75 million worth of loans to Remington so the company can keep making guns as it works th‚Ä¶ https://t.co/XXNzhHcujS,0.5719,0.19,0.81,0.0
99,@CNN,2018-03-28 19:50:43,Most world leaders visiting other countries make a grand entrance by stepping off a large jet. North Korean leader‚Ä¶ https://t.co/ChgciHqyBu,0.4588,0.15,0.85,0.0
0,@FoxNews,2018-03-29 07:10:00,".@ByronYork on alleged FISA abuse: ""What gives a lot of Republicans problems is a lot of them thought Republican pr‚Ä¶ https://t.co/zQwbzPFssL",-0.7845,0.0,0.711,0.289
1,@FoxNews,2018-03-29 07:05:00,"Ransomware, other cyberattacks hit US cities, states, companies https://t.co/ytSKRmMGjp",0.0,0.0,1.0,0.0
2,@FoxNews,2018-03-29 07:00:01,".@RepGoodlatte on alleged FISA abuse: ""The IG can't look at it from the same perspective that Congress can or from‚Ä¶ https://t.co/gmyDoQhtM9",-0.6369,0.0,0.826,0.174
3,@FoxNews,2018-03-29 06:55:00,"China reminded Kim Jong Un who's boss during mysterious Beijing meeting, experts say https://t.co/f5a3EXbs2c",0.0,0.0,1.0,0.0
4,@FoxNews,2018-03-29 06:50:00,".@CharlesHurt: ‚ÄúWithout a doubt, I don‚Äôt think anybody can question [Rear Adm. Ronny Jackson‚Äôs] qualifications, and‚Ä¶ https://t.co/g7A2y4MnS6",-0.3612,0.0,0.848,0.152
5,@FoxNews,2018-03-29 06:45:00,Chip Gaines' stance on avocado toast sparks social media debate https://t.co/n5iJbonQ30,0.0,0.0,1.0,0.0
6,@FoxNews,2018-03-29 06:40:00,"Jonathan Turley on alleged FISA abuse: ""It's a dangerous combination to have a secret court that is based on a stan‚Ä¶ https://t.co/uFmnjKpFEw",-0.8074,0.0,0.7,0.3
7,@FoxNews,2018-03-29 06:35:00,"High school-aged student sexually assaulted at gunpoint in broad daylight, Palo Alto police say https://t.co/JAKXvAmbBc",-0.5267,0.0,0.805,0.195
8,@FoxNews,2018-03-29 06:30:00,.@LindseyGrahamSC: ‚ÄúThe North Korea nuclear program destabilizes the entire world.‚Äù @foxnewsnight https://t.co/9JvfwvFHtK,0.0,0.0,1.0,0.0
9,@FoxNews,2018-03-29 06:25:00,"Atlanta-based lawyer to play bigger role on #Trump's legal team, report says https://t.co/MA6CTHA3VU",0.4404,0.262,0.738,0.0
10,@FoxNews,2018-03-29 06:20:41,JUST IN: North and South Korea to hold leaders' summit April 27 https://t.co/yWrdiZ8nZq,0.0,0.0,1.0,0.0
11,@FoxNews,2018-03-29 06:20:00,.@kimguilfoyle: ‚ÄúI think this is an example of @POTUS‚Ä¶winning.‚Äù #TheFive https://t.co/LqeLzoKcR6,0.0,0.0,1.0,0.0
12,@FoxNews,2018-03-29 06:15:00,Former @FBI agent charged with leaking classified docs to expose 'systemic biases': report https://t.co/D8uyDBJxkk,-0.34,0.0,0.779,0.221
13,@FoxNews,2018-03-29 06:10:00,.@PressSec on the 2020 census citizenship question: ‚ÄúThe goal is to have data that we can use for specific things.‚Äù https://t.co/yuirw7dwkp,0.0,0.0,1.0,0.0
14,@FoxNews,2018-03-29 06:05:00,"IS IT NAP TIME?: One sleepy bunny was caught on camera having an adorable yawn in Kent, Washington. https://t.co/jhhBMUUU1p",0.4939,0.151,0.849,0.0
15,@FoxNews,2018-03-29 06:00:00,WARRIORS HELPING WARRIORS: @paws4prplhearts is bringing veterans and dogs together to not only get the dogs trained‚Ä¶ https://t.co/aq0i7KsDTD,0.4466,0.147,0.853,0.0
16,@FoxNews,2018-03-29 05:55:00,.@Corey_Feldman says he was stabbed in attempted murder but police are telling a different story https://t.co/0yJbvYufIr,-0.5859,0.0,0.73,0.27
17,@FoxNews,2018-03-29 05:50:00,.@POTUS secures trade deal with South Korea ahead of potential meeting with North Korea. https://t.co/gyopb5iQXZ,0.3182,0.141,0.859,0.0
18,@FoxNews,2018-03-29 05:45:00,California sets rules for cooperating with feds on immigration https://t.co/Sw0gdpJq1O,0.0,0.0,1.0,0.0
19,@FoxNews,2018-03-29 05:40:00,.@DevinNunes: ‚ÄúThe left has continued to say that ‚ÄòThis is Watergate‚Äô and ‚Äò#Trump‚Äôs going to be impeached.‚Äô They‚Äôve‚Ä¶ https://t.co/W4M7xx2fru,0.0,0.0,1.0,0.0
20,@FoxNews,2018-03-29 05:35:00,"Driver who left child on school bus for 8 hours is suspended, report says https://t.co/hf62gcSnc7",-0.4767,0.0,0.807,0.193
21,@FoxNews,2018-03-29 05:30:00,"""This comes down to public safety.""

Orange County supervisor Michelle Steel comments on her vote to challenge sanc‚Ä¶ https://t.co/qt4I3WSE7x",0.0772,0.067,0.933,0.0
22,@FoxNews,2018-03-29 05:25:00,Oldest human footprints in North America suggest 'early entrance' into the Americas https://t.co/dJy0ZzpMTp,0.0,0.0,1.0,0.0
23,@FoxNews,2018-03-29 05:20:00,".@dbongino on the Second Amendment: ""Liberalism is easy to understand, it's everywhere...To actually understand con‚Ä¶ https://t.co/ZpCeVz4VWc",0.4404,0.162,0.838,0.0
24,@FoxNews,2018-03-29 05:15:00,Former NFL star Jim Kelly recovering after 12 hours of cancer surgery https://t.co/MRlkVxAOrt,-0.6597,0.0,0.732,0.268
25,@FoxNews,2018-03-29 05:10:00,".@KatiePavlich: ‚ÄúWhen you commit a crime as a U.S. citizen, you don‚Äôt get to decide when you get to evade law enfor‚Ä¶ https://t.co/UaKfLDk5GW",-0.3182,0.089,0.769,0.142
26,@FoxNews,2018-03-29 05:05:00,"Jared Fogle seeks release from prison, report says https://t.co/a14o9xLOBI",-0.5106,0.0,0.708,0.292
27,@FoxNews,2018-03-29 05:00:01,".@TomiLahren: ‚ÄúThere are a lot of areas here that, of course, believe in shielding illegal immigrants, but there ar‚Ä¶ https://t.co/HEqz2dzxNW",-0.3182,0.0,0.887,0.113
28,@FoxNews,2018-03-29 04:55:00,.@NRA's political fund sees donations spike in February after Florida shooting https://t.co/4kgltlHohK,0.0,0.0,1.0,0.0
29,@FoxNews,2018-03-29 04:50:00,.@statedeptspox: ‚ÄúThat Iran nuclear deal did not make the world safer‚Ä¶ it did not stop Iran from all of these horri‚Ä¶ https://t.co/FRGpqUnQXY,0.2235,0.082,0.918,0.0
30,@FoxNews,2018-03-29 04:45:00,U.S. economy grows at 2.9% rate in Q4 https://t.co/j6wlXt484M,0.0,0.0,1.0,0.0
31,@FoxNews,2018-03-29 04:40:00,"Dave Harrington, Aliso Viejo mayor: ‚ÄúI kind of wish the attorney general of California took as much interest in the‚Ä¶ https://t.co/fUc6Xtb0OT",0.6605,0.222,0.778,0.0
32,@FoxNews,2018-03-29 04:35:00,"OPINION: If the Second Amendment falls, our entire Bill of Rights falls https://t.co/vT4cRZnBTn",0.0,0.0,1.0,0.0
33,@FoxNews,2018-03-29 04:30:00,BEAUTIFUL: The non-profit organization Pile of Puppies brought a litter of miniature bull terrier pups to the bedsi‚Ä¶ https://t.co/U1UNNejfSo,0.6841,0.214,0.786,0.0
34,@FoxNews,2018-03-29 04:25:00,Carnival Cruise offers Virginia teen a luxurious trip in exchange for his Snapchat handle https://t.co/MP2iL83j83,0.0,0.0,1.0,0.0
35,@FoxNews,2018-03-29 04:20:00,Graham Allen: ‚ÄúOur rights and our freedoms as Americans are not up for debate.‚Äù https://t.co/gQZjLutao0,0.296,0.136,0.864,0.0
36,@FoxNews,2018-03-29 04:15:00,Six children feared dead after SUV plunged off California cliff; 2 women killed https://t.co/EyNlbeYpVN,-0.9186,0.0,0.455,0.545
37,@FoxNews,2018-03-29 04:10:00,.@michellemalkin on 2020 census to include citizenship question https://t.co/VkfSanaVEp,0.0,0.0,1.0,0.0
38,@FoxNews,2018-03-29 04:05:00,Outrage grows over police killing of Stephon Clark in Sacramento: '20 shots over a cellphone' https://t.co/nFAOz30fIZ,-0.8271,0.0,0.628,0.372
39,@FoxNews,2018-03-29 04:01:48,.@SteveHiltonx: ‚ÄúThese tech companies have just [gotten] too big and too powerful‚Ä¶We actually need to really toughe‚Ä¶ https://t.co/PFgN9Jx1tZ,0.0,0.0,1.0,0.0
40,@FoxNews,2018-03-29 04:01:00,".@TomiLahren: ""You‚Äôd be surprised...just how many conservatives and Americans live in California that want the laws‚Ä¶ https://t.co/dCqDnKHrJj",0.0772,0.075,0.925,0.0
41,@FoxNews,2018-03-29 03:48:10,Oklahoma man captures 6-foot rattlesnake before suffering heart attack 20 minutes later https://t.co/Sd20aL177B,-0.7351,0.0,0.64,0.36
42,@FoxNews,2018-03-29 03:36:02,.@DonaldJTrumpJr tweets his support for 'Roseanne' while skewering late night hosts https://t.co/vxAm33yedR,0.4019,0.197,0.803,0.0
43,@FoxNews,2018-03-29 03:21:49,.@LindseyGrahamSC: ‚ÄúThe North Korean nuclear program destabilizes the entire world.‚Äù @foxnewsnight https://t.co/FH2bABC7K3,0.0,0.0,1.0,0.0
44,@FoxNews,2018-03-29 03:03:54,"On Wednesday, President @realdonaldtrump announced in a tweet that, despite former Supreme Court Justice John Paul‚Ä¶ https://t.co/D2IHMPer1m",0.122,0.167,0.689,0.144
45,@FoxNews,2018-03-29 02:55:22,.@RepGoodlatte: 'Material' Redactions Made In Peter Strzok-Lisa Page Texts @IngrahamAngle https://t.co/NhffORqImP,0.0,0.0,1.0,0.0
46,@FoxNews,2018-03-29 02:50:31,.@offspring drummer turned OB/GYN saves prospective juror in own malpractice trial https://t.co/GbSRKSszrt,0.0,0.0,1.0,0.0
47,@FoxNews,2018-03-29 02:45:12,US judge denies Saudi Arabia's bid to dismiss 9/11 lawsuits https://t.co/spt36JVX8M,-0.5267,0.0,0.672,0.328
48,@FoxNews,2018-03-29 02:43:17,"School bus driver suspended after leaving first-grader on bus for eight hours, report says https://t.co/oiqJww2qlc",-0.4767,0.0,0.819,0.181
49,@FoxNews,2018-03-29 02:40:19,".@ByronYork on alleged FISA abuse: ""What gives a lot of Republicans problems is a lot of them thought Republican pr‚Ä¶ https://t.co/8k7B5Ibr21",-0.7845,0.0,0.711,0.289
50,@FoxNews,2018-03-29 02:36:56,".@RepGoodlatte on alleged FISA abuse: ""The IG can't look at it from the same perspective that Congress can or from‚Ä¶ https://t.co/4uMmyelc6D",-0.6369,0.0,0.826,0.174
51,@FoxNews,2018-03-29 02:35:36,Grandma's ear bitten off by pit bull while protecting kids at New York playground: reports https://t.co/Fm2IRRUjjY,0.0,0.0,1.0,0.0
52,@FoxNews,2018-03-29 02:21:04,.@TempePolice have mounted AR-15 assault rifles on the back of eight motorcycles to equip officers with something m‚Ä¶ https://t.co/z62UgoozP6,-0.5859,0.0,0.826,0.174
53,@FoxNews,2018-03-29 02:15:28,"Joe Alioto-Veronese on sanctuary cities: ""What the feds are saying is that we are interfering by telling our citize‚Ä¶ https://t.co/BZQj1ynui4",0.0,0.0,1.0,0.0
54,@FoxNews,2018-03-29 02:08:15,.@dunkindonuts launches its first-ever running shoe https://t.co/oK0E1oZ4ye,0.0,0.0,1.0,0.0
55,@FoxNews,2018-03-29 02:05:42,.@seanhannity Reveals New Peter Strzok-Lisa Page Texts #Hannity  https://t.co/mP7oHskKPL,0.0,0.0,1.0,0.0
56,@FoxNews,2018-03-29 02:02:55,"'My Questions Are Totally Sincere': @TuckerCarlson, Former Clinton Spox Battle Over Dem Platform https://t.co/PfR6X7aPZd",-0.3818,0.0,0.833,0.167
57,@FoxNews,2018-03-29 01:56:02,Ex-Disney Channel star Caroline Sunshine joins Trump's White House press team https://t.co/5MY4QUThYj,0.4939,0.225,0.775,0.0
58,@FoxNews,2018-03-29 01:42:51,.@DevinNunes: ‚ÄúThe Left has continued to say that ‚ÄòThis is Watergate‚Äô and ‚Äò#Trump‚Äôs going to be impeached.‚Äô They‚Äôve‚Ä¶ https://t.co/FZMoKq72Qo,0.0,0.0,1.0,0.0
59,@FoxNews,2018-03-29 01:36:25,"On Wednesday, @LindseyGrahamSC tweeted his support for President @realDonaldTrump's decision to replace Secretary o‚Ä¶ https://t.co/3SCiGt1apm",0.4019,0.162,0.838,0.0
60,@FoxNews,2018-03-29 01:32:41,‚ÄòAggressive‚Äô passenger may have to pay plane‚Äôs fuel bill after causing emergency landing https://t.co/iUd655KpRC,-0.4588,0.0,0.75,0.25
61,@FoxNews,2018-03-29 01:24:18,"Florida woman fails to put car into park, car rolls into pool with husband and child inside, cops say https://t.co/CjqcQHkfG4",-0.4215,0.0,0.872,0.128
62,@FoxNews,2018-03-29 01:11:09,.@CRTV host and Army veteran @GrahamAllen_1 said Wednesday that the rights and freedoms American citizens have are‚Ä¶ https://t.co/62KkdMYYkA,0.296,0.115,0.885,0.0
63,@FoxNews,2018-03-29 01:10:32,"OPINION: If the Second Amendment falls, our entire Bill of Rights falls https://t.co/B8dGrk2ZYu",0.0,0.0,1.0,0.0
64,@FoxNews,2018-03-29 00:58:43,".@jmpalmieri on Dem views: ""Congress is broken, it does not react to what the people want. The people want immigrat‚Ä¶ https://t.co/dVWmVHfYrY",-0.3612,0.11,0.759,0.131
65,@FoxNews,2018-03-29 00:54:24,Mother of Hostage Killed By ISIS: 'There Was No One Whose Job It Was to Help Us' https://t.co/m6sQVkLIsD,-0.6124,0.111,0.615,0.275
66,@FoxNews,2018-03-29 00:48:29,.@TuckerCarlson Debates CA Immigration Law: 'Is There Anything You Won't Make an Excuse For?' #Tucker https://t.co/KVqJZjZJiC,-0.0572,0.0,0.925,0.075
67,@FoxNews,2018-03-29 00:45:17,".@lizpeek: Census 2020 ‚Äì Liberals, get over it, we must ask about citizenship! https://t.co/SLwgSHWJHB",0.0,0.0,1.0,0.0
68,@FoxNews,2018-03-29 00:40:41,".@dbongino on the Second Amendment: ""Liberalism is easy to understand, it's everywhere...To actually understand con‚Ä¶ https://t.co/2kGec95E96",0.4404,0.162,0.838,0.0
69,@FoxNews,2018-03-29 00:38:00,Kansas City Royals' Salvador Perez sprains knee ligament carrying luggage https://t.co/75uYNzgZRh,0.0,0.0,1.0,0.0
70,@FoxNews,2018-03-29 00:25:05,"OPINION: If the Second Amendment falls, our entire Bill of Rights falls  https://t.co/CGvSxjwWJe",0.0,0.0,1.0,0.0
71,@FoxNews,2018-03-29 00:19:15,Outrage grows over police killing of Stephon Clark in Sacramento: '20 shots over a cellphone' https://t.co/hEE53tqepb,-0.8271,0.0,0.628,0.372
72,@FoxNews,2018-03-29 00:12:59,"Jonathan Turley on alleged FISA abuse: ""People have a really low expectation of their government now and that's a r‚Ä¶ https://t.co/IK1yLPukE3",-0.7645,0.0,0.721,0.279
73,@FoxNews,2018-03-29 00:09:20,"Jonathan Turley on alleged FISA abuse: ""It's a dangerous combination to have a secret court that is based on a stan‚Ä¶ https://t.co/woHLq1mtrn",-0.8074,0.0,0.7,0.3
74,@FoxNews,2018-03-29 00:06:22,"BREAKING: Six children feared dead after SUV plunged off cliff in California; 2 women killed, investigators say https://t.co/eFCbVVTPr0",-0.9186,0.0,0.538,0.462
75,@FoxNews,2018-03-28 23:57:54,#Trump shares photos of border wall construction on Twitter https://t.co/mfphYgzp2Z,0.296,0.196,0.804,0.0
76,@FoxNews,2018-03-28 23:42:34,"China reminded Kim Jong Un who's boss during mysterious Beijing meeting, experts say https://t.co/JCbEJzedWH",0.0,0.0,1.0,0.0
77,@FoxNews,2018-03-28 23:29:54,.@gen_jackkeane: ‚Äú@POTUS‚Äô administration has confronted Russia more than his predecessors have.‚Äù #TheStory https://t.co/ZR9hTcXef3,-0.2023,0.0,0.87,0.13
78,@FoxNews,2018-03-28 23:25:22,".@LibertyU shows off its new multimillion-dollar gun range. Liberty, which already allows students to have guns in‚Ä¶ https://t.co/FoSrzLgrgp",0.25,0.156,0.734,0.11
79,@FoxNews,2018-03-28 23:22:08,Al Qaeda leader killed by drone strike in Libya identified by Pentagon https://t.co/LGrWmbwVP3,-0.7184,0.0,0.647,0.353
80,@FoxNews,2018-03-28 23:15:41,".@CharlesHurt: ‚ÄúWithout a doubt, I don‚Äôt think anybody can question [Rear Adm. Ronny Jackson‚Äôs] qualifications, and‚Ä¶ https://t.co/eH1Ns3Shv7",-0.3612,0.0,0.848,0.152
81,@FoxNews,2018-03-28 23:06:05,"Charles Lane on @POTUS replacing Shulkin as VA secretary: ""It's a strange irony that these are the people that our‚Ä¶ https://t.co/oj2CIlxQZG",-0.25,0.0,0.857,0.143
82,@FoxNews,2018-03-28 22:51:12,".@ByronYork on replacing Shulkin as VA secretary: ""It simply didn't work out and [helping veterans] really was one‚Ä¶ https://t.co/gZfruPSh9N",0.0,0.0,1.0,0.0
83,@FoxNews,2018-03-28 22:44:16,"Former Trump administration officials, from Comey to Shulkin https://t.co/qU3TvgVoW4 https://t.co/70SSvYShgs",0.0,0.0,1.0,0.0
84,@FoxNews,2018-03-28 22:34:10,"On ""Your World"" with @TeamCavuto, Joe Piscopo discussed the #Roseanne reboot and the main character,‚Ä¶ https://t.co/x5TPpZ6kWh",0.0,0.0,1.0,0.0
85,@FoxNews,2018-03-28 22:26:08,"NASDAQ closes lower as @amazon, @tesla shares fall. @DeirdreBolton has the story. #SpecialReport‚Ä¶ https://t.co/HUYxodz5ue",0.0,0.134,0.732,0.134
86,@FoxNews,2018-03-28 22:21:43,"Documents suggest possible coordination between CIA, FBI, Obama WH and Dem officials early in Trump-Russia probe: i‚Ä¶ https://t.co/gwVHgDWYSe",0.0,0.0,1.0,0.0
87,@FoxNews,2018-03-28 22:14:42,.@DonaldJTrumpJr tweets his support for 'Roseanne' while skewering late night hosts https://t.co/nlwFyAYm46,0.4019,0.197,0.803,0.0
88,@FoxNews,2018-03-28 22:10:07,.@POTUS to replace David Shulkin with Adm. Ronny Jackson as Veterans Affairs secretary in latest White House shuffl‚Ä¶ https://t.co/SsyE24xZwa,0.0,0.0,1.0,0.0
89,@FoxNews,2018-03-28 22:08:13,WARRIORS HELPING WARRIORS: @paws4prplhearts is bringing veterans and dogs together to not only get the dogs trained‚Ä¶ https://t.co/ExsSRY1g4t,0.4466,0.147,0.853,0.0
90,@FoxNews,2018-03-28 22:00:35,Who is David Shulkin? 3 things to know about Trump's former secretary of Veterans Affairs https://t.co/a2A06xE4Xf,0.0,0.0,1.0,0.0
91,@FoxNews,2018-03-28 21:56:32,.@kimguilfoyle: ‚ÄúI think this is an example of @POTUS‚Ä¶winning.‚Äù #TheFive https://t.co/UkisT39CJh,0.0,0.0,1.0,0.0
92,@FoxNews,2018-03-28 21:48:40,.@greggutfeld: 'Roseanne' Reboot Replaced 'Demonization with Dialogue' https://t.co/IZiHF0NsFI,0.0,0.0,1.0,0.0
93,@FoxNews,2018-03-28 21:41:27,BREAKING: #Trump to replace David Shulkin with Adm. Ronny Jackson as Veterans Affairs secretary‚Ä¶ https://t.co/Zpv9UbPnB1,0.0,0.0,1.0,0.0
94,@FoxNews,2018-03-28 21:27:07,"Surgeons amazed after removing over 2,000 gallstones from woman https://t.co/YEuOWzC7N5",0.4939,0.262,0.738,0.0
95,@FoxNews,2018-03-28 21:12:19,Judge rules suit against #Trump over foreign gifts can move forward https://t.co/kqi3Awd4i7,0.0,0.0,1.0,0.0
96,@FoxNews,2018-03-28 21:03:39,Combat Vet on Calls for 2nd Amendment Repeal: 'Our Rights and Freedoms Are Not Up for Debate' https://t.co/MwTbOAnoVt,-0.0516,0.107,0.777,0.117
97,@FoxNews,2018-03-28 20:56:39,Arizona police department mounts AR-15 rifles on backs of some motorcycles https://t.co/a2fWHRGqio,-0.0516,0.0,0.902,0.098
98,@FoxNews,2018-03-28 20:53:33,"Orange County, CA Supervisor Called a 'Racist B----' Amid Sanctuary Controversy https://t.co/DuYJZxGpQR",-0.6124,0.0,0.714,0.286
99,@FoxNews,2018-03-28 20:44:41,.@POTUS secures trade deal with South Korea ahead of potential meeting with North Korea. @TeamCavuto https://t.co/vnBI3EkS6F,0.3182,0.133,0.867,0.0
0,@nytimes,2018-03-29 07:08:18,5 Cheap(ish) Things to Help You Become a Better Baker https://t.co/3DEGbcF9IT,0.6808,0.444,0.556,0.0
1,@nytimes,2018-03-29 07:02:05,"A waiter was fired for being combative, aggressive and something of a bully. His defense? He‚Äôs not rude. He‚Äôs Frenc‚Ä¶ https://t.co/HcN22Hi1zA",-0.6619,0.151,0.531,0.318
2,@nytimes,2018-03-29 06:31:05,RT @nytimesworld: Which makes sense? a) Pirate ships in a landlocked country; b) a 47-foot-high statue of Alexander the Great; c) a house d‚Ä¶,0.6249,0.17,0.83,0.0
3,@nytimes,2018-03-29 05:59:27,"Archaeologists believe the 13,000-year-old human footprints to be the earliest found so far in North America https://t.co/E0yEBAuT7n",0.0,0.0,1.0,0.0
4,@nytimes,2018-03-29 05:41:06,"RT @NYTmag: Floating villages spread across the surface of the Mekong River‚Äôs waterways, playing host to ethnic Vietnamese whose status in‚Ä¶",0.2023,0.083,0.917,0.0
5,@nytimes,2018-03-29 05:21:04,"These arctic foxes turned ""blue."" It was a good thing. https://t.co/PA6vz2GcCr",0.4404,0.244,0.756,0.0
6,@nytimes,2018-03-29 05:02:02,2 Texas oil companies joined forces in the biggest deal yet in the Southwestern oil patch https://t.co/iLzaXURm1T,0.0,0.0,1.0,0.0
7,@nytimes,2018-03-29 04:41:06,RT @EricSchmittNYT: American drone strike in Libya kills top Qaeda recruiter and official warns of more attacks  https://t.co/nrGvlVj6l2,-0.7778,0.074,0.533,0.393
8,@nytimes,2018-03-29 04:21:04,"Steven Spielberg ""is the only person who could have made this movie and the last person who should have been allowe‚Ä¶ https://t.co/m9H7reZA3R",0.0,0.0,1.0,0.0
9,@nytimes,2018-03-29 04:08:47,"Anbang Was Seized by China. Now, It Has a Deal for You. https://t.co/3ZEHUjWgat",0.0,0.0,1.0,0.0
10,@nytimes,2018-03-29 04:02:02,RT @maggieNYT: Trump called a supporter with a large megaphone - @therealroseanne - to thank her and congratulate her after the Roseanne re‚Ä¶,0.7783,0.328,0.672,0.0
11,@nytimes,2018-03-29 03:54:55,"Mireille Knoll, Murdered Holocaust Survivor, Is Honored in Paris https://t.co/CK02eLDlje",0.2263,0.356,0.395,0.249
12,@nytimes,2018-03-29 03:47:00,New police finding in Skripal poisoning case narrows the possibilities for how the victims were sickened https://t.co/8jQNusfhdi,-0.8625,0.0,0.593,0.407
13,@nytimes,2018-03-29 03:32:03,A top Morgan Stanley broker was repeatedly accused of violence against ex-wives and girlfriends. Bank managers were‚Ä¶ https://t.co/n5WfJMF3sA,-0.6705,0.081,0.633,0.285
14,@nytimes,2018-03-29 03:17:06,Drones and computer vision have confirmed centuries-old Inuit wisdom that a few caribou lead a migration over treac‚Ä¶ https://t.co/DrVR3VdZiY,0.6597,0.265,0.735,0.0
15,@nytimes,2018-03-29 03:02:01,Walmart customers looking to toss the latest issue of Cosmopolitan magazine into their shopping carts will have to‚Ä¶ https://t.co/oLMjDPeoTR,0.0,0.0,1.0,0.0
16,@nytimes,2018-03-29 02:47:01,The Second Avenue subway in NYC cost $2.5 billion per mile of track ‚Äî 5 times more than the international average.‚Ä¶ https://t.co/0u9sMZy5Bd,0.0,0.0,1.0,0.0
17,@nytimes,2018-03-29 02:32:03,"Water squirted from toy rubber ducks contains bacteria often associated with infections acquired in hospitals, a st‚Ä¶ https://t.co/wmNoGpHnmo",0.0,0.0,1.0,0.0
18,@nytimes,2018-03-29 02:17:03,"RT @nytimesworld: In a first, a South African woman was sent to prison for racist speech -- specifically, a slur that is offensive in her c‚Ä¶",-0.8834,0.0,0.66,0.34
19,@nytimes,2018-03-29 02:06:06,"The reboot of ""Roseanne"" got off to an enormously strong start on Tuesday night https://t.co/AW9oKd48KP",0.5563,0.204,0.796,0.0
20,@nytimes,2018-03-29 01:55:04,"Ecuador cuts off Julian Assange‚Äôs internet access. Again.
https://t.co/5rRq2DTGdx",-0.296,0.0,0.784,0.216
21,@nytimes,2018-03-29 01:44:02,"The Justice Dept.'s watchdog will investigate the surveillance of a former Trump campaign official, responding to p‚Ä¶ https://t.co/UQfGlfh03r",0.5267,0.175,0.825,0.0
22,@nytimes,2018-03-29 01:32:06,"Days after researchers announced that a tiny mummy once rumored to be an alien was actually a human infant, Chilean‚Ä¶ https://t.co/pn29RpMNdu",0.0,0.0,1.0,0.0
23,@nytimes,2018-03-29 01:16:21,Evening Briefing: Here's what you need to know at the end of the day https://t.co/9ykDo2yYvp,0.0,0.0,1.0,0.0
24,@nytimes,2018-03-29 01:00:09,"RT @jdelreal: Two police officers, 10 minutes, 20 bullets. Another young black man dead, this time in his grandmother‚Äôs backyard in Califor‚Ä¶",-0.6486,0.0,0.83,0.17
25,@nytimes,2018-03-29 00:47:03,RT @nytopinion: .@RickyGervais is not alone in presenting himself as a noble bulwark against a wave of supposed left-wing censorship. And a‚Ä¶,0.5775,0.208,0.792,0.0
26,@nytimes,2018-03-29 00:32:06,"Dr. Cacioppo once explained, by an insight he had after surviving a near-fatal car crash: that love and social conn‚Ä¶ https://t.co/FHUVIeyJop",0.5719,0.245,0.651,0.103
27,@nytimes,2018-03-29 00:17:02,All the major firings and resignations in the Trump administration ‚Äî so far https://t.co/SBd0eoufFP,-0.296,0.0,0.845,0.155
28,@nytimes,2018-03-29 00:02:07,"Under Ben Carson, HUD is attempting to scale back federal efforts to enforce fair housing laws, sidelining official‚Ä¶ https://t.co/DJQGb8AfBo",0.3182,0.113,0.887,0.0
29,@nytimes,2018-03-28 23:47:02,The ‚Äúcatastrophic‚Äù failure of a storage tank this month at an Ohio fertility clinic caused the apparent loss of mor‚Ä¶ https://t.co/52b9GDuT1Z,-0.6808,0.0,0.763,0.237
30,@nytimes,2018-03-28 23:32:04,"Thousands gathered in Paris to honor Mireille Knoll, an 85-year-old grandmother and Holocaust survivor who was murd‚Ä¶ https://t.co/l1fwvli1BF",0.6908,0.263,0.737,0.0
31,@nytimes,2018-03-28 23:17:01,"RT @nytgraphics: David Shulkin lasted 408 days in the Trump administration, longer than many. https://t.co/yOiUwbJLp9 https://t.co/xL83LH8d‚Ä¶",0.0,0.0,1.0,0.0
32,@nytimes,2018-03-28 23:02:06,"The ghost with the most is back. A musical adaptation of ""Beetlejuice"" will be staged in Washington this fall, and‚Ä¶ https://t.co/v1Ra0OOWem",-0.3182,0.0,0.892,0.108
33,@nytimes,2018-03-28 22:47:03,Evening Briefing: Here's what you need to know at the end of the day https://t.co/DoqQNdaj9f,0.0,0.0,1.0,0.0
34,@nytimes,2018-03-28 22:32:04,"Archaeologists believe the 13,000-year-old human footprints to be the earliest found so far in North America https://t.co/dF2hoORZH4",0.0,0.0,1.0,0.0
35,@nytimes,2018-03-28 22:17:04,"Until last week, Donald Glover was working on an FX animated series about the superhero Deadpool. By this week, the‚Ä¶ https://t.co/IkkNwo5R1V",0.0,0.0,1.0,0.0
36,@nytimes,2018-03-28 22:08:01,RT @HannaIngber: Last week we turned to @nytimes readers to have a conversation about our coverage of the Austin bombings. We heard from re‚Ä¶,0.0,0.0,1.0,0.0
37,@nytimes,2018-03-28 22:01:00,"President Trump called his personal physician, Dr. Ronny L. Jackson, ‚Äúhighly respected‚Äù and thanked David Shulkin f‚Ä¶ https://t.co/vJPtb8hDUx",0.4404,0.146,0.854,0.0
38,@nytimes,2018-03-28 21:48:58,Breaking News: The Veterans Affairs chief is the latest cabinet official to go. President Trump plans to replace Da‚Ä¶ https://t.co/I3kd7Q64VU,0.0,0.0,1.0,0.0
39,@nytimes,2018-03-28 21:40:26,RT @peterbakernyt: Shulkin‚Äôs ouster climaxed a sharp fall from favor for the only Obama holdover in the Cabinet and a politically moderate‚Ä¶,0.4019,0.124,0.876,0.0
40,@nytimes,2018-03-28 21:32:03,What to expect from the housing market this spring https://t.co/FYAWjjlSiL,0.0,0.0,1.0,0.0
41,@nytimes,2018-03-28 21:16:06,RT @migold: Where Can You Find Cosmopolitan At Walmart? Hint: It‚Äôs Not at the Checkout Any More! https://t.co/GrTRvvwm6W,0.0,0.0,1.0,0.0
42,@nytimes,2018-03-28 21:00:09,"Hungary's far-right prime minister Viktor Orban uses billboards, TV campaigns and even school textbooks to influenc‚Ä¶ https://t.co/SBikh8b4xN",0.0,0.0,1.0,0.0
43,@nytimes,2018-03-28 20:45:04,"Here‚Äôs how @bxchen scrubbed his Twitter and Facebook timelines ‚Äî and what 
he learned https://t.co/7TCMIzIfeo",0.0,0.0,1.0,0.0
44,@nytimes,2018-03-28 20:30:15,Our tech columnist @kevinroose offers 3 possible ways to fix social media https://t.co/msbncv0nmO,0.0,0.0,1.0,0.0
45,@nytimes,2018-03-28 20:15:05,A top Morgan Stanley broker was repeatedly accused of violence against ex-wives and girlfriends. Bank managers were‚Ä¶ https://t.co/HNAA5K823C,-0.6705,0.081,0.633,0.285
46,@nytimes,2018-03-28 20:00:06,"Shifting schedules have long been a complaint in the retail industry, and a Gap study suggests that they're a lose-‚Ä¶ https://t.co/XtKUHxaLyP",-0.296,0.0,0.885,0.115
47,@nytimes,2018-03-28 19:45:10,"Your rubber duck spends a lot of time in the bath, but that doesn't mean it's clean https://t.co/5QtZDt3qhw",-0.438,0.0,0.847,0.153
48,@nytimes,2018-03-28 19:37:05,"RT @nytopinion: We at @NYTOpinion welcome feedback, including in form of dog GIFs. https://t.co/sY338V4RD7",0.4588,0.188,0.812,0.0
49,@nytimes,2018-03-28 19:30:10,"Steven Spielberg ""is the only person who could have made this movie and the last person who should have been allowe‚Ä¶ https://t.co/xGUhUZJPgl",0.0,0.0,1.0,0.0
50,@nytimes,2018-03-28 19:15:03,"In @NYTOpinion 

Op-Ed Contributor Jacob Tobia writes, ""For over a decade, the unspoken rule of gay cinema and tele‚Ä¶ https://t.co/CTOVOn7TcJ",0.0,0.0,1.0,0.0
51,@nytimes,2018-03-28 19:00:05,"The reboot of ""Roseanne"" got off to an enormously strong start on Tuesday night https://t.co/SiWzv2EpPP",0.5563,0.204,0.796,0.0
52,@nytimes,2018-03-28 18:45:09,"Heineken pulled a series of commercials for light beer that featured the tagline ‚Äúsometimes, lighter is better"" aft‚Ä¶ https://t.co/v5OcxoCrpi",0.4404,0.146,0.854,0.0
53,@nytimes,2018-03-28 18:30:12,"The Supreme Court has never struck down a voting district as an unconstitutional partisan gerrymander, and allowing‚Ä¶ https://t.co/gcleYowCnq",0.6531,0.263,0.737,0.0
54,@nytimes,2018-03-28 18:15:08,A waiter in Canada has filed a complaint after he was fired for being aggressive and combative. His defense? He‚Äôs F‚Ä¶ https://t.co/FxkAYLi1ub,-0.7096,0.06,0.643,0.297
55,@nytimes,2018-03-28 18:00:13,A federal judge refused to dismiss a lawsuit accusing President Trump of violating the Constitution by not divorcin‚Ä¶ https://t.co/Ya0ww0X8GQ,-0.8074,0.0,0.583,0.417
56,@nytimes,2018-03-28 17:47:40,"President Trump‚Äôs lawyer discussed pardons for 2 ex-top aides last year, suggesting concern about what they might t‚Ä¶ https://t.co/zGAAMa90pK",0.296,0.115,0.885,0.0
57,@nytimes,2018-03-28 17:45:09,"Trump‚Äôs lawyer discussed pardons for 2 ex-top aides last year, suggesting concern about what they might tell the sp‚Ä¶ https://t.co/loVNcik2rm",0.296,0.109,0.891,0.0
58,@nytimes,2018-03-28 17:30:05,"Hundreds of people filled the lobby at Sacramento City Hall on Tuesday to protest the death of Stephon Clark, who w‚Ä¶ https://t.co/aqr3CzDXpR",-0.7003,0.042,0.731,0.227
59,@nytimes,2018-03-28 17:20:12,"RT @PatriciaMazzei: In Orlando today for closing statements in the trial against Noor Salman, the widow of Pulse nightclub shooter Omar Mat‚Ä¶",0.0,0.0,1.0,0.0
60,@nytimes,2018-03-28 17:10:05,"In Room 306 at the Lorraine Motel, you can see the door onto the balcony. Looking through it you can see the spot w‚Ä¶ https://t.co/6ZGo2cTzNB",0.0,0.0,1.0,0.0
61,@nytimes,2018-03-28 16:55:03,"Rick Gates, a top Trump campaign aide, had frequent phone calls in September and October 2016 with a person the FBI‚Ä¶ https://t.co/ScUBbx09Xa",0.2023,0.087,0.913,0.0
62,@nytimes,2018-03-28 16:40:03,"Anti-Trump groups are working to unseat breakaway Democrats in Albany who have aligned with Republicans, helping th‚Ä¶ https://t.co/ZSn9dqIAEx",0.296,0.115,0.885,0.0
63,@nytimes,2018-03-28 16:25:07,Kim Jong-un's surprise visit to Beijing was a reminder of how much he has set the agenda in the crisis over North K‚Ä¶ https://t.co/mwcCpJKaen,-0.4588,0.077,0.772,0.151
64,@nytimes,2018-03-28 16:15:04,"RT @nytgraphics: What Democrats need to do to take control of Congress: 

1. Win 28 Senate races (Republicans only need to win 9 to keep th‚Ä¶",0.8225,0.248,0.752,0.0
65,@nytimes,2018-03-28 16:05:07,"Bright, bold and richly flavored, these aren't your typical fish cakes https://t.co/xZQDqFg0mk https://t.co/eowfvU22Ts",0.8126,0.457,0.543,0.0
66,@nytimes,2018-03-28 15:50:05,"Jared Kushner and Jeff Sessions are clashing over federal prison policy, confusing lawmakers and leaving prisoners‚Ä¶ https://t.co/EEiWlO4VuI",-0.6369,0.0,0.743,0.257
67,@nytimes,2018-03-28 15:39:09,RT @NYTNational: Atlanta‚Äôs city government has been partially paralyzed for days by a cyberattack. Traffic tickets can't be paid online. Wi‚Ä¶,0.0,0.0,1.0,0.0
68,@nytimes,2018-03-28 15:25:05,Elements that make a podcast spark don‚Äôt always translate seamlessly to TV. But that's not stopping Hollywood from‚Ä¶ https://t.co/D0wWi2XJQB,0.3278,0.173,0.827,0.0
69,@nytimes,2018-03-28 15:10:04,The highs and lows of testosterone https://t.co/KL5JNKPwDy,-0.2023,0.0,0.769,0.231
70,@nytimes,2018-03-28 15:00:03,RT @NYTFashion: Saudi Arabia will host its first ever fashion week next month (after a two week delay). Here's what to expect: https://t.co‚Ä¶,0.0,0.0,1.0,0.0
71,@nytimes,2018-03-28 14:45:05,Will taxpayers have to bail out the Pro Football Hall of Fame in Ohio? https://t.co/2BbZW0Mih5,0.4404,0.172,0.828,0.0
72,@nytimes,2018-03-28 14:30:12,Atlanta‚Äôs city government has been hobbled by a cyberattack and is doing some business with ink and paper. Security‚Ä¶ https://t.co/JEbTiuZ7zw,0.0,0.0,1.0,0.0
73,@nytimes,2018-03-28 14:15:06,The officer was killed after he voluntarily exchanged himself for a female hostage during a terrorist attack in Fra‚Ä¶ https://t.co/qyzVCzdROk,-0.9231,0.0,0.549,0.451
74,@nytimes,2018-03-28 14:00:12,How the Chinese and North Korean news media portrayed the meeting between Xi Jinping and Kim Jong-un https://t.co/GfQOFPqIf0,0.0,0.0,1.0,0.0
75,@nytimes,2018-03-28 13:45:07,"""I think it is completely reasonable to say that there could have been a different outcome of the referendum had th‚Ä¶ https://t.co/8fhRZ13NjF",0.0,0.0,1.0,0.0
76,@nytimes,2018-03-28 13:30:07,"""It's like a beauty pageant. The fish cannot be fat. It must look strong and have personality."" https://t.co/QY2HdEdUQH",0.8625,0.407,0.593,0.0
77,@nytimes,2018-03-28 13:14:07,The Motion Picture Academy concluded that an allegation of sexual harassment against its president had no merit https://t.co/DhiZeF7tHZ,-0.4404,0.119,0.638,0.243
78,@nytimes,2018-03-28 13:00:17,Morning Briefing: Here's what you need to know to start your day https://t.co/yLdObb0e0R https://t.co/NbpPRQafVf,0.0,0.0,1.0,0.0
79,@nytimes,2018-03-28 12:44:03,RT @MattAndersonNYT: The Russian director Kirill Serebrennikov is still under house arrest in Moscow. A festival of his plays and films at‚Ä¶,0.4215,0.203,0.703,0.094
80,@nytimes,2018-03-28 12:30:03,The Academy of Motion Picture Arts and Sciences concluded that an allegation of sexual harassment against its presi‚Ä¶ https://t.co/9h1ugEvuBz,-0.5423,0.0,0.837,0.163
81,@nytimes,2018-03-28 12:15:05,Facebook said it will roll out a centralized system for its users to control their privacy and security settings https://t.co/DxHZ5eNRDa,0.34,0.118,0.882,0.0
82,@nytimes,2018-03-28 12:05:06,"Trevor Noah is not impressed by John Bolton, President Trump's new pick for national security adviser. Our late-nig‚Ä¶ https://t.co/pwzaU3scX5",-0.0397,0.109,0.774,0.116
83,@nytimes,2018-03-28 11:44:02,Atlanta's municipal government has been brought to its knees by one of the most sustained and consequential cyberat‚Ä¶ https://t.co/DG6umSDQL5,0.0,0.0,1.0,0.0
84,@nytimes,2018-03-28 11:31:08,"The National Civil Rights Museum in Memphis is a monument to a movement, and to the Rev. Dr. Martin Luther King Jr. https://t.co/b9MJfvYXiF",0.0,0.0,1.0,0.0
85,@nytimes,2018-03-28 11:15:09,"President Trump said that the Second Amendment ‚Äî the right to bear arms ‚Äî ""will never be repealed,"" responding to a‚Ä¶ https://t.co/iYAMbvHi9Z",0.0,0.0,1.0,0.0
86,@nytimes,2018-03-28 11:00:08,"John Bolton, President Trump's choice for national security adviser, was portrayed during a 2005 Senate confirmatio‚Ä¶ https://t.co/Eq0eq04Pb9",0.34,0.138,0.862,0.0
87,@nytimes,2018-03-28 10:45:05,"Some voters said they had been paid, from about $3 to $9, to vote. In several areas, government officials promised‚Ä¶ https://t.co/3l3sroqZll",0.0,0.0,1.0,0.0
88,@nytimes,2018-03-28 10:30:10,North Korea is firing up a reactor. Why that could upset Trump's talks with Kim. https://t.co/dIimnicgw7 https://t.co/F6kbTGtJDr,-0.6124,0.0,0.737,0.263
89,@nytimes,2018-03-28 10:15:04,"RT @LizziePaton: Is fast fashion going out of, well, fashion? H&amp;M, the world‚Äôs second largest retailer by sales, is currently sitting on a‚Ä¶",0.2732,0.087,0.913,0.0
90,@nytimes,2018-03-28 10:05:05,Morning¬†Briefing: Here's what you need to know to start your day https://t.co/qSirjFsTQK https://t.co/Rtc5I5NHou,0.0,0.0,1.0,0.0
91,@nytimes,2018-03-28 09:44:06,"Kim Jong-un told Xi Jinping that he was open to dialogue with the United States, including a potential summit meeti‚Ä¶ https://t.co/7mnXpfQdMX",0.4215,0.128,0.872,0.0
92,@nytimes,2018-03-28 09:29:02,"RT @nytimesworld: ‚ÄúI am thinking about the family of the butcher, about the customer who died for nothing, and about the colonel who sacrif‚Ä¶",-0.5574,0.0,0.865,0.135
93,@nytimes,2018-03-28 09:16:05,The United Nations' most haunting mystery received new life on Tuesday https://t.co/Cp0HnO48qu,0.1045,0.184,0.658,0.158
94,@nytimes,2018-03-28 09:00:22,"RT @nytimesworld: Egypt‚Äôs presidential election is shaping up to be a low-watt and joyless affair, the antithesis of the youthful passions‚Ä¶",-0.296,0.097,0.756,0.147
95,@nytimes,2018-03-28 08:44:04,"In an 8th-grade history textbook, students are told that Viktor Orban thinks refugees are a threat to Hungary. ""It‚Ä¶ https://t.co/zGSK0PZDXF",-0.5267,0.0,0.841,0.159
96,@nytimes,2018-03-28 08:30:07,At least 12 states signaled that they would sue to block the Trump administration from adding a question about citi‚Ä¶ https://t.co/zg2L5EURJP,-0.4404,0.0,0.868,0.132
97,@nytimes,2018-03-28 08:16:01,The connections between Cambridge Analytica and Peter Thiel's firm Palantir were thrust into the spotlight by Chris‚Ä¶ https://t.co/X9OaPT2uvR,0.0,0.0,1.0,0.0
98,@nytimes,2018-03-28 08:02:04,"RT @nytpolitics: Kirstjen Nielsen, the homeland security secretary, recently warned dozens of foreign diplomats that the United States woul‚Ä¶",0.4767,0.223,0.687,0.09
99,@nytimes,2018-03-28 07:47:02,These almond cookies need just 4 ingredients https://t.co/5NNOTBW0n5,0.0,0.0,1.0,0.0
